pmid,pmcid,year,journal,title,open_access_full_text,abstract
42629713,PMC13502748,2026,,Associations between sex steroid hormones and female malignancies: A cross-sectional analysis of NHANES data.,True,"Sex steroid hormones, including estradiol (E2), estrone (E1), follicle-stimulating hormone (FSH), and luteinizing hormone (LH), have been implicated in the development of female malignancies (FMs), yet their independent and combined effects remain unclear. We conducted a cross-sectional analysis using data from the National Health and Nutrition Examination Survey (NHANES). Weighted logistic regression, restricted cubic spline modeling, and chi-square trend tests were applied to evaluate dose-response associations. Machine learning algorithms, including Bayesian Kernel Machine Regression, Extreme Gradient Boosting, Shapley Additive Explanations, Least Absolute Shrinkage and Selection Operator regression, and Random Forest, were used to explore nonlinear relationships and assess variable importance in an exploratory manner. Sensitivity analyses confirmed the robustness of the findings. A total of 2108 participants were included. Higher FSH and LH levels were associated with increased odds of FMs, whereas higher E2 levels were associated with lower odds. In exploratory machine learning analyses, FSH and E1 were consistently ranked as important predictors of FMs. In this cross-sectional analysis, LH and FSH were associated with increased odds of FM, while higher E2 levels were inversely associated with malignancy risk. Exploratory machine learning analyses highlighted additional nonlinear patterns involving E2 and E1."
42058226,PMC13121860,2026,,Machine Learning Unveils Dietary Antioxidants as Influential Factors for Diabetes-Cancer Comorbidity: Insights From National Health and Nutrition Examination Survey.,True,"This study aims to assess the predictive value of dietary antioxidants in diabetes-cancer comorbidity using interpretable machine learning (ML) models and to identify key clinical factors. Data were sourced from the National Health and Nutrition Examination Survey (NHANES) 2007-2010 and 2017-2018 cycles, including 44 dietary antioxidants, as well as demographic, lifestyle, and health-related features. 8 ML models (Random Forest, light Gradient Boosting Machines [LightGBM], Logistic Regression, Decision Tree, Multilayer Perceptron, Naïve Bayes, Kernel k-Nearest Neighbors, and Support Vector Machine with Radial Basis Function) were trained, with preprocessing steps for multicollinearity, class imbalance (SMOTE), and data normalization. Model performance was evaluated using AUC, accuracy, Brier scores, and calibration plots. SHapley Additive exPlanations (SHAP) values were applied to interpret feature importance. Data from 8644 participants were analyzed, including 272 individuals with confirmed diabetes-cancer comorbidity. After removing collinear features, the ML model included 30 dietary antioxidant features and 10 baseline features. The Random Forest model achieved optimal performance (AUC = 0.996, accuracy = 0.978, brier score = 0.0241), followed by LightGBM (AUC = 0.993). SHAP analysis revealed that while advanced age, cardiovascular disease, and hypertension were the primary drivers of comorbidity probability, dietary antioxidants are also influential factors. Specifically, polyphenols (daidzein, malvidin, pelargonidin, cyanidin) and essential minerals (magnesium) emerged as the most influential nutritional features. The high accuracy of the Random Forest and LightGBM models underscores their clinical utility in risk stratification for diabetes-cancer comorbidity. While advancing age and cardiometabolic dysfunction primarily drives the probability of diabetes-cancer comorbidity. This study establishes dietary antioxidants, particularly polyphenols such as daidzein and malvidin, as predictive factors for diabetes-cancer comorbidity."
42260815,PMC13246055,2026,,Development and validation of a machine learning model for colorectal cancer status classification using NHANES data: A cross-sectional study.,True,"Colorectal cancer (CRC) is a leading cause of cancer-related morbidity and mortality worldwide. Tools based on routinely collected variables may help identify prevalent CRC status and support clinical evaluation. Traditional approaches often rely on limited predictors and may not capture the multidimensional nature of CRC. Data were obtained from the National Health and Nutrition Examination Survey 1999-2018. Among 53,881 participants, 420 reported physician-diagnosed CRC (MCQ220). A 1:10 stratified case-control sample was constructed (420 cases, 4200 controls) and randomly split into training (70%) and internal validation (30%) sets. Missing data were imputed separately in the training and validation sets using a random forest-based method. SMOTE was applied only to the training set. Logistic regression, random forest, support vector machine, k-nearest neighbors, and extreme gradient boosting (XGBoost) were compared. Performance was primarily assessed by discrimination in the held-out validation set. For the final XGBoost model, exploratory post hoc probability calibration analyses were performed on validation-set predictions using raw probabilities, prior prevalence correction, and Platt scaling. Model interpretability was examined using Shapley Additive Explanations (SHAP), and a web-based CRC status classifier was developed. XGBoost showed the best discrimination in the validation cohort, with an area under the receiver operating characteristic curve of 0.787 (95% confidence interval 0.749-0.825). At the Youden-index cutoff, sensitivity was 77.0%, specificity 67.6%, PPV 19.2%, and NPV 96.7%. In exploratory probability-based analyses, decision curve analysis using Platt-scaled probabilities showed greater net benefit than treat-all and treat-none strategies across low-to-moderate threshold probabilities. post hoc calibration analyses fitted and assessed on the validation-set predictions showed improved apparent agreement after Platt scaling, with a Brier score of 0.191 and a Hosmer-Lemeshow P value of 0.086. SHAP identified key predictors, including alcohol use, hypertension, age, triglycerides, absolute lymphocyte count, blood lead, serum cotinine, and neutrophil-to-lymphocyte ratio. An interpretable machine learning framework integrating multidomain predictors enabled effective CRC status classification in a large population-based cohort. Discrimination was strong, whereas probability-based outputs after post hoc calibration should be considered exploratory pending independent confirmation. The model may support clinical evaluation and triage for individuals requiring further assessment."
42192026,,2026,,Psychological distress in cancer survivors: a population-based analysis and machine learning-based risk stratification.,False," Purpose As the number of cancer survivors increases, psychological distress has become an important issue. Using nationally representative data, we evaluated mental health outcomes among Korean cancer survivors compared with cancer-free controls and developed models to identify individuals at risk of psychological distress. Methods We analyzed data from the Korea National Health and Nutrition Examination Survey (KNHANES) from 2007 to 2021. Psychological outcomes were assessed using standardized questionnaires, and a composite distress outcome was constructed. Risk stratification models were developed among cancer survivors using logistic regression and machine learning algorithms, including random forest, XGBoost, LightGBM, support vector machines, k-nearest neighbors, and naïve Bayes. Results A total of 88,061 participants were included, comprising 3733 cancer survivors and 84,328 cancer-free controls. Compared with cancer-free controls, cancer survivors had higher odds of depressed mood (OR 1.33; 95% CI 1.18-1.51), suicidal ideation (OR 1.14; 95% CI 1.00-1.31), suicide planning (OR 1.91; 95% CI 1.37-2.65), and mental health counseling (OR 1.36; 95% CI 1.08-1.71). Among cancer survivors, multiple models were evaluated, with logistic regression showing the highest performance (AUROC 0.689), followed by XGBoost (0.686). In logistic regression, longer working hours, depression history, activity limitation, female sex, smoking, employment, low income, and distorted body image were independently associated with distress. SHAP analysis identified activity limitation, sex, and depression history as key factors. Conclusions Cancer survivors experience increased psychological distress across multiple outcomes. Machine learning-based models may help identify individuals at higher risk of psychological distress, supporting risk-based assessment in survivorship care."
41007166,PMC12467569,2025,,Exploring Sarcopenic Obesity in the Cancer Setting: Insights from the National Health and Nutrition Examination Survey on Prognosis and Predictors Using Machine Learning.,True," Objective : Sarcopenic obesity (SO) is a combination of depleted skeletal muscle mass and obesity, with a high prevalence, undetected onset, challenging diagnosis, and poor prognosis. However, studies on SO in cancer settings are limited. We aimed to explore the association between SO and mortality and to investigate potential predictors involved in the development of SO, with a further objective of constructing a model to detect its occurrence in cancer patients.  Methods : The data of 1432 cancer patients from the National Health and Nutrition Examination Survey (NHANES) from the years 1999 to 2006 and 2011 to 2016 were included. For survival analysis, univariable and multivariable Cox proportional hazard models were used to examine the associations of SO with overall survival, adjusting for potential confounders. For machine learning, six algorithms, including logistic regression, stepwise logistic regression, least absolute shrinkage and selection operator (LASSO), support vector machine (SVM), random forest (RF), and extreme gradient boosting (XGBoost), were utilized to build models to predict the presence of SO. The predictive performances of each model were evaluated.  Results : From six machine learning algorithms, cancer patients with SO were significantly associated with a higher risk of all-cause mortality (adjusted HR 1.368, 95%CI 1.107-1.690) compared with individuals without SO. Among the six machine learning algorithms, the optimal LASSO model achieved the highest area under the curve (AUC) of 0.891 on the training set and 0.873 on the test set, outperforming the other five machine learning algorithms.  Conclusions : SO is a significant risk factor for the prognosis of cancer patients. Our constructed LASSO model to predict the presence of SO is an effective tool for clinical practice. This study is the first to utilize machine learning to explore the predictors of SO among cancer populations, providing valuable insights for future research."
42332450,PMC13286416,2026,,"Disease burden, machine learning‑based risk factor identification in uterine cancer: A cross‑sectional and bibliometric analysis.",True,"Uterine cancer (UC) is the most common malignancy of the female reproductive system worldwide, with a continuously rising incidence, posing a significant public health challenge. This study systematically evaluated the burden of UC using the Global Burden of Disease (GBD) database. Combined with data from the National Health and Nutrition Examination Survey (NHANES), machine learning (ML) methods - including the Boruta algorithm and 11 predictive models - were employed to identify key risk factors associated with UC. Furthermore, a bibliometric analysis of 2041 relevant publications from 2005 to 2025 in the Web of Science Core Collection was conducted to reveal research hotspots and developmental trends in the field. In 2023, the cumulative incidence and prevalence of UC were highest in the United States, Russia, Italy, and Portugal. The age group 65 to 69 years exhibited the highest incidence and disability-adjusted life years. LightGBM (AUC train set: 1, AUC test set: 0.929), XGBoost (AUC train set: 1, AUC test set: 0.952), and random forest (AUC train set: 1, AUC test set: 0.964) performed well, which identified critical risk factors including molybdenum, triglycerides, cadmium, age, lead, total cholesterol, cobalt, hypertension, uric acid, and mean arterial pressure. Bibliometric analysis indicated that the United States leads in research output, with keywords such as ""multicenter,"" ""endometrial neoplasms,"" ""disparity,"" ""race,"" and ""guideline"" representing current research frontiers. This study provides a comprehensive assessment of the disease burden of UC, reveals multi‑factor risk profiles through ML, and outlines evolving research trends, offering evidence‑based insights for targeted prevention strategies, clinical intervention optimization, and resource allocation."
41013410,PMC12465519,2025,,Developing an interpretable machine learning model for easily detecting insulin resistance among breast cancer survivors: a cross-sectional study.,True," Objective To develop and validate a classification model for insulin resistance in female individuals who have survived breast cancer using easily obtainable clinical and demographic features. Methods Data were obtained from the U.S. National Health and Nutrition Examination Survey (NHANES) spanning 1999 to March 2020. A total of 340 female individuals who have survived breast cancer were included, and participants were randomly assigned to a training set (n = 239) and a testing set (n = 101). Multiple machine learning algorithms were trained, including Logistic Regression, Random Forest, and Support Vector Machine. Model performance was evaluated using area under the receiver operating characteristic curve (AUC) and decision curve analysis (DCA). Results All models demonstrated strong classification performance in the testing set, with AUC values exceeding 0.87. Among them, the Random Forest and Support Vector Machine models showed superior performance in DCA. Of the seven input features-body mass index, fasting blood glucose, triglyceride, HDL cholesterol, poverty income ratio, race, and education-fasting blood glucose had the highest positive feature importance for classifying insulin resistance. Conclusions This study demonstrates the feasibility of using machine learning algorithms to accurately predict insulin resistance in individuals who have survived breast cancer with a limited set of clinical and demographic variables. The Random Forest and Support Vector Machine models, in particular, offer strong classification performance and may support clinicians in early identification and management of insulin resistance among individuals in this high-risk population."
42528994,PMC13416066,2026,,From associations to clinical practice: translating inflammatory-nutritional indices into a machine learning-driven model for breast cancer risk stratification with cross-ethnic validation.,True," Objectives To evaluate inflammatory-nutritional indices in relation to breast cancer (BC) risk and mortality and develop a cross-ethnically validated prediction model. Methods From National Health and Nutrition Examination Survey (NHANES) 2005-2018, 485 BC patients and 16,838 female controls were included, with mortality follow-up through 2019. Weighted multivariate logistic and Cox regression assessed associations between seven inflammatory indices, two composite indicators, and BC risk/mortality. Multiple machine learning (ML) algorithms, including XGBoost, were used to construct risk models. The model was externally validated (NHANES other periods:1999-2004) and cross-ethnic validated. We prospectively enrolled Chinese treatment-naïve breast cancer patients and matched healthy controls for external validation. Results In fully adjusted models, the Advanced Lung Cancer Inflammation Index (ALI) was inversely associated with BC risk and all-cause mortality (highest vs. lowest tertile: odds ratio [OR] 0.64, 95% CI 0.45-0.91; hazard ratio [HR] 0.41, 95% CI 0.18-0.90). Conversely, neutrophil percentage-to-albumin ratio (NPAR), systemic inflammation response index (SIRI), and neutrophil-to-lymphocyte ratio (NLR) showed positive associations. ALI outperformed other indices in predicting mortality. XGBoost identified NPAR as the top predictive feature; the model incorporating inflammatory indices and age achieved an AUC of 0.832 on the test set, and a web-based dynamic nomogram incorporating these factors was developed. External validation yielded AUCs of 0.781 (NHANES) and 0.730 (Chinese cohort). Conclusions ALI (protective) and NPAR/SIRI/NLR (detrimental) are robust predictors of BC risk and mortality. The ML model demonstrates good predictive performance, but cross-ethnic validation highlights the need for population-specific calibration, which indicated the potential of ML approaches leveraging inflammatory-nutritional indices to enhance BC risk stratification and inform clinical decision-making."
41531742,PMC12794014,2026,,Inferring high-fat dietary patterns from electronic health record data using machine learning.,True," Objectives Electronic health records (EHRs) rarely capture dietary detail, limiting diet-disease research. We aimed to develop machine learning (ML) computable phenotypes to identify high-fat diet (HFD) using variables typically available in EHRs. Materials and methods We used National Health and Nutrition Examination Survey (NHANES) 1999-2020 data, where 24-h dietary recall served as ground truth. Dietary fat intake was summarized into a score (0-30) based on percent energy from fat, carbohydrate, and protein; lower scores indicated HFD. We defined HFD at cutoffs of 10, 15, and 20, and trained ML models (Extreme Gradient Boosting, logistic regression, random forest) using EHR-compatible variables (demographics, comorbidities, labs, anthropometrics). Model interpretability was assessed using Shapley Additive Explanations. To evaluate clinical relevance, we compared cancer associations using ML-predicted vs true diet labels. Results Machine learning models classified HFD with good performance, strongest at broader definitions. Random forest achieved an F1-score of 0.79 (recall 0.74, precision 0.84) at cutoff 20. Key predictors included race/ethnicity, triglycerides, obesity metrics (body mass index and derived indices), and metabolic panel results. Discussion These findings indicate that dietary patterns, though seldom recorded in EHRs, can be inferred from routinely available variables. The ability of ML-derived phenotypes to reproduce known diet-disease relationships underscore their epidemiologic validity. Top predictors also align with established biological pathways linking obesity, lipid metabolism, and cancer risk, supporting plausibility. Conclusion A high-fat dietary pattern can be inferred from EHR-compatible variables using ML-based phenotyping. This approach offers a scalable tool to integrate diet into EHR-based research and precision medicine."
41371087,,2026,,Development of advanced lung cancer inflammation index-based machine learning models for predicting stroke and mortality: A comparative and interpretable study.,False," Background The Advanced Lung Cancer Inflammation Index (ALI) is a novel composite index that enables a more holistic evaluation of inflammation and nutritional status than established single or commonly used indices. However, ALI has not been extensively studied in patients with stroke. In this study, we aimed to investigate: 1) the association between ALI and stroke risk and 2) the association between ALI and all-cause mortality among patients with stroke, as well as 3) develop and interpret machine learning (ML) models to predict stroke and prognosis. Methods Using data from the National Health and Nutrition Examination Survey (NHANES) 1999-2018, logistic regression and Cox regression assessed associations of ALI with stroke and mortality. Non-linear relationships were analysed using restricted cubic spline and subgroup stratification. Logistic regression (LR), extreme gradient boosting (XGBoost), random forest (RF), K-Nearest Neighbor (KNN), supported vector machine (SVM), and decision tree (DT) were developed for stroke and mortality prediction and evaluated using the area under the receiver operating characteristic curve (AUCROC), and metrics such as accuracy. Shapley additive explanations (SHAP) and Gini importance enhanced the dual-interpretability of the model. Results Among the 46,451 participants, higher ALI was associated with a lower stroke risk, whereas mortality decreased with increasing ALI before stabilising at an inflection point (ALI = 40.91, P threshold   Conclusions Leveraging the nationally representative NHANES database, this exploratory analysis revealed that ALI presented a reverse dose-response association with the stroke risk and an ""L-shaped"" relationship with all-cause mortality among patients with stroke. Dual-interpretable RF models based on the ALI showed comparably promising potential among the six ML models for stroke identification and prognosis prediction."
42638646,PMC13500251,2026,,Association of systemic inflammatory indices with gastrointestinal tumors: evidence from NHANES and a hospital-based cohort.,True," Background Systemic inflammation plays an important role in tumor development and progression. Several inflammation-related indices derived from routine blood tests have been proposed as potential biomarkers for cancer. However, their associations with gastrointestinal tumors in large population-based datasets remain insufficiently explored. Methods Data from the National Health and Nutrition Examination Survey (NHANES) were used to examine the associations between nine systemic inflammatory indices and gastrointestinal tumors. Multivariable logistic regression, propensity score matching, and restricted cubic spline analyses were performed. Mortality-linked NHANES data were further analyzed using Cox regression and Kaplan-Meier methods. An independent hospital-based cohort was used to validate the main findings. Results Several systemic inflammatory indices were significantly associated with gastrointestinal tumor status in NHANES. NLR and RAR showed particularly strong associations and ranked among the most influential variables in the machine-learning analyses. Restricted cubic spline analyses indicated nonlinear association patterns, with higher NLR and RAR levels corresponding to greater odds of gastrointestinal tumors. The main findings remained generally consistent in the propensity score-matched cohort. In the hospital-based cohort, patients with gastrointestinal tumors also showed higher systemic inflammatory levels than healthy controls. A nomogram incorporating CALLY, NLR, RAR, and clinical variables demonstrated good discriminative performance, with an AUC of 0.852. In addition, several baseline inflammatory indices were independently associated with all-cause mortality among patients with gastrointestinal tumors. Conclusion Systemic inflammatory indices derived from routine blood tests were associated with gastrointestinal tumor status and all-cause mortality. These main findings were further supported by the hospital-based cohort. Routine inflammation-related indices may therefore provide useful information for identifying tumor-associated inflammatory changes and evaluating prognosis in patients with gastrointestinal tumors."
41223197,PMC12611120,2025,,Machine learning-based prediction of metabolic dysfunction-associated steatotic liver disease using National Health and Nutrition Examination Survey (NHANES) data.,True," Objective With the global increase in obesity rates and lifestyle changes, metabolic dysfunction-associated steatotic liver disease (MASLD) has become a prevalent chronic liver disorder, affecting approximately 25% of the global population. This disease can progress to cirrhosis and liver cancer, posing a significant threat to public health. To facilitate early diagnosis and intervention, this study aims to develop an efficient and reliable prediction model for MASLD using machine learning algorithm. Methods This study included 9,232 participants aged 20 years and older from the 2017-2020 National Health and Nutrition Examination Survey (NHANES). After excluding individuals with frequent alcohol consumption, hepatitis B/C infection, those lacking liver ultrasound examinations, and samples with missing data, a total of 2,460 subjects were ultimately included. The dataset was split into training and testing sets in an 80:20 ratio. Five machine learning algorithms-XGBoost, Random Forest (RF), and Logistic Regression (LR), among others-were utilized to build prediction models, while Recursive Feature Elimination (RFE) was employed to identify key predictive factors. Results Comparison of the five algorithms revealed that the XGBoost algorithm performed the best. Twelve key features were selected through Recursive Feature Elimination (RFE), and the model achieved an AUC of 0.8740 on the testing set, demonstrating excellent predictive accuracy and discriminative ability. SHAP plot analysis of the model showed that waist circumference, BMI, and other factors played a pivotal role in the prediction of MASLD. Conclusion The prediction model developed using the XGBoost algorithm and the 12 selected features demonstrates high efficiency and stability in assessing MASLD risk. This model offers innovative technical solutions and data-driven support for the clinical early identification of high-risk populations, with the potential to optimize and refine MASLD prevention and control strategies."
41670835,PMC12996477,2026,,Construction of an explainable machine learning model based on SHAP for predicting cardiovascular mortality risk among American cancer survivors.,True,"BACKGROUND: Cardiovascular disease (CVD) continues to be a leading cause of death globally. Cancer survivors experience a significantly increased risk of cardiovascular mortality owing to shared risk factors with CVD; however, dedicated predictive tools for this specific population are currently lacking. METHODS: Using data from 3622 cancer survivors in the National Health and Nutrition Examination Survey (NHANES), we constructed a predictive model for cardiovascular mortality risk by integrating five machine learning algorithms: Random Survival Forest (RSF), Gradient Boosting Machine (GBM), LASSO-penalized Cox regression (LASSO + Cox), CoxBoost, and Survival Support Vector Machine (SVM). The SHapley Additive exPlanations (SHAP) interpretability framework was employed to enhance model explainability. Predictors were selected via univariate and multivariate Cox regression analyses, and a nomogram was derived from the results of LASSO regression. To foster clinical translation, the optimal model was implemented as an openly accessible, interactive web-based tool named “CardioRisk-CA” (Cardiovascular Risk Calculator for Cancer Survivors). External validation was conducted using the Surveillance, Epidemiology, and End Results (SEER) database to assess the generalizability of the model. RESULTS: The GBM demonstrated the highest predictive performance in the validation dataset (Area Under the receiver operating characteristic Curve (AUC) = 0.935, Harrell’s concordance index (C-index) = 0.914). Key predictive variables included age, C-reactive protein (CRP), neutrophil-to-lymphocyte ratio (NLR), history of stroke, coronary heart disease, heart failure, sex, and marital status. SHAP analysis identified interaction effects between age and stroke, coronary heart disease, and heart failure. The nomogram achieved an AUC of 0.868, indicating strong clinical utility. Kaplan–Meier analysis revealed significant survival differences between high-risk and low-risk groups (P < 0.001). The web-based tool generates interpretable, individualized risk assessments for clinicians and provides researchers to perform external validation with their own datasets. In external validation using the SEER cohort, the GBM model continued to show robust discriminative capability (C-index = 0.815, AUC = 0.866). CONCLUSION: The developed machine learning model predicts cardiovascular mortality risk in cancer survivors with SHAP-based interpretability. Deployed as an accessible web-based tool, it fosters individualized risk management and facilitates multicenter validation."
41366988,PMC12688939,2025,,"Exploration between caffeine intake, physical activity, and prostate cancer using data from the large-scale NHANES survey: A cross-sectional study.",True,"This study aimed to explore the association between caffeine intake, physical activity (PA), and prostate cancer, machine learning algorithms to build predictive models of prostate cancer. A total of 1789 subjects from the National Health and Nutrition Examination Survey 2009 to 2018 waves were enrolled in this study. Multivariable-adjusted logistic regression was applied to evaluate the association. Then, we conducted 4 machine learning models, including extreme gradient boosting, AdaBoost, Catboos, and Boost tree to predict the occurrence of prostate cancer. In the fully adjusted model, compared to those reporting little caffeine consumption, those who reported large intake had a multivariate adjusted odd ratio (OR) with 95% confidence interval (CI) of 1.25 (2.21-15.52). Participants with large PA were more likely to develop prostate cancer (OR = 1.68, 95% CI: 1.47-3.80), whereas a significant inverse association between medium PA and prostate cancer was observed (OR = 0.66, 95% CI: 0.48-0.81). Extreme gradient boosting, Catboost, and Boost tree all have good prediction effects, with an AUC of up to 0.90 (95% CI: 0.87-0.93). No significant association was observed between small to medium caffeine intake and prostate cancer, large caffeine intake and PA was associated with increased prostate cancer. Moderate PA has the potential to favorably influence prostate cancer."
41484685,PMC12866453,2026,,Association between the oxidative balance score and all-cause mortality in patients with cardiovascular disease-cancer comorbidity.,True," Purpose The Oxidative Balance Score (OBS) is a composite measure of systemic oxidative stress. This study aims to evaluate the impact of OBS on all-cause mortality in patients with cardiovascular disease-cancer comorbidity and to use machine learning to identify related factors. Methods We analyzed data from the 2007-2018 US National Health and Nutrition Examination Survey (NHANES). Cox regression, Kaplan-Meier analysis, restricted cubic splines (RCS), and subgroup analysis were used to explore the association between OBS and CVD-cancer comorbidity. Five machine learning models were constructed and compared to identify the optimal CVD-cancer comorbidity risk prediction model, and feature importance was assessed. Results Among the study participants, compared to participants in the lowest tertile of the OBS score, those in the highest tertile exhibited a lower risk of all-cause mortality (HR = 0.78, 95% CI: 0.64-0.95, p = 0.016). RCS showed that OBS had a no nonlinear evidences with CVD-cancer comorbidity. In subgroup analyses, the association remained consistent across all subgroups, with no statistically significant interaction observed (all P for interaction > 0.05). The random forest algorithm was identified as the optimal predictive model through machine learning evaluation. Decision curve analysis (DCA) and calibration curves further supported the internal validity of the model. SHAP analysis revealed that age, smoking intensity, niacin intake, and selenium levels were the most influential predictive factors. Conclusions This study demonstrates a significant inverse association between higher OBS and all-cause mortality in patients with cardiovascular disease-cancer comorbidity and provides an interpretable machine learning model to predict this comorbidity."
41534354,,2026,,"Article title: Associations between paraben exposure and breast cancer risk: An integrative epidemiologic, network toxicology, multi-omics and experimental analysis.",False,"Breast cancer is the most common malignancy among women worldwide, with environmental chemical exposure increasingly implicated in its development. Parabens (PBs) are widely used preservatives with endocrine-disrupting properties, but their role in breast carcinogenesis remains unclear. This study integrated epidemiological analyses of the National Health and Nutrition Examination Survey (NHANES), network toxicology, machine learning, transcriptomic profiling, molecular docking, and in vitro assays to investigate associations between PBs exposure and breast cancer risk and to explore potential mechanisms. NHANES analysis (2005-2016, n = 9615) revealed significant associations between higher urinary concentrations of ethyl paraben (EPB), methyl paraben (MPB), and propyl paraben (PPB) and breast cancer prevalence. Network toxicology identified 14 candidate molecular targets, with estrogen receptor 1 (ESR1), enhancer of zeste 2 polycomb repressive complex 2 subunit (EZH2), and platelet-derived growth factor receptor alpha (PDGFRA) prioritized through machine learning and SHapley Additive exPlanations (SHAP), highlighting EZH2 as the most influential predictor. Transcriptomic analyses indicated these hub targets influence immune cell infiltration and exhibit distinct expression patterns within the tumor microenvironment. Molecular docking simulations suggested strong interactions between PBs and these hub proteins. In vitro assays demonstrated that PBs upregulated ESR1 and EZH2, induced DNA damage in normal breast epithelial cells, and enhanced proliferation and migration in breast cancer cells-effects reversed by ESR1 and EZH2 inhibitors. Together, these findings suggest that PBs may affect pathways relevant to breast cancer progression and act as potential environmental contributors."
39928823,PMC11813008,2025,,Building a cancer risk and survival prediction model based on social determinants of health combined with machine learning: A NHANES 1999 to 2018 retrospective cohort study.,True,"The occurrence and progression of cancer is a significant focus of research worldwide, often accompanied by a prolonged disease course. Concurrently, researchers have identified that social determinants of health (SDOH) (employment status, family income and poverty ratio, food security, education level, access to healthcare services, health insurance, housing conditions, and marital status) are associated with the progression of many chronic diseases. However, there is a paucity of research examining the influence of SDOH on cancer incidence risk and the survival of cancer survivors. The aim of this study was to utilize SDOH as a primary predictive factor, integrated with machine learning models, to forecast both cancer risk and prognostic survival. This research is grounded in the SDOH data derived from the National Health and Nutrition Examination Survey dataset spanning 1999 to 2018. It employs methodologies including adaptive boosting, gradient boosting machine (GradientBoosting), random forest (RF), extreme gradient boosting, light gradient boosting machine, support vector machine, and logistic regression to develop models for predicting cancer risk and prognostic survival. The hyperparameters of these models-specifically, the number of estimators (100-200), maximum tree depth (10), learning rate (0.01-0.2), and regularization parameters-were optimized through grid search and cross-validation, followed by performance evaluation. Shapley Additive exPlanations plots were generated to visualize the influence of each feature. RF was the best model for predicting cancer risk (area under the curve: 0.92, accuracy: 0.84). Age, non-Hispanic White, sex, and housing status were the 4 most important characteristics of the RF model. Age, gender, employment status, and household income/poverty ratio were the 4 most important features in the gradient boosting machine model. The predictive models developed in this study exhibited strong performance in estimating cancer incidence risk and survival time, identifying several factors that significantly influence both cancer incidence risk and survival, thereby providing new evidence for cancer management. Despite the promising findings, this study acknowledges certain limitations, including the omission of risk factors in the cancer survivor survival model and potential biases inherent in the National Health and Nutrition Examination Survey dataset. Future research is warranted to further validate the model using external datasets."
40405088,PMC12100792,2025,,Association of sarcopenia with all-cause and cause-specific mortality in cancer patients: development and validation of a 3-year and 5-year survival prediction model.,True," Background Sarcopenia is a clinicopathological condition characterized by a decrease in muscle strength and muscle mass, playing a crucial role in the prognosis of cancer. Therefore, this study aims to investigate the association between sarcopenia and both all-cause mortality and cancer-specific mortality among cancer patients. Furthermore, we plan to develop risk prediction models using machine learning algorithms to predict 3-year and 5-year survival rates in cancer patients. Method This study included 1095 cancer patients from the National Health and Nutrition Examination Survey (NHANES) cohorts spanning 1999-2006 and 2011-2014. Initially, we used the Least Absolute Shrinkage and Selection Operator (LASSO)-Cox regression models for feature selection. Subsequently, we employed multivariable Cox regression models to investigate the association between sarcopenia and all-cause and cancer-specific mortality in cancer patients. We developed five machine learning algorithms, including Support Vector Machine (SVM), Logistic Regression (LR), Random Forest (RF), LightGBM, and XGBoost, to predict 3-year and 5-year survival rates and to perform risk stratification. Results The multivariable COX regression model showed sarcopenia significantly increases the risk of all-cause mortality (HR = 1.33, 95%CI:1.05, 1.70, P = 0.0194) and cancer-specific mortality (HR = 1.67, 95%CI:1.09, 2.55, P = 0.0176) in cancer patients. Among the five machine learning algorithms developed, the LightGBM model demonstrated strong performance in the 3-year and 5-year survival prediction tasks, making it the optimal model selection. Decision curve analysis and Kaplan-Meier curves further confirmed our model's ability to identify high-risk individuals effectively. Conclusions Sarcopenia significantly increases the risk of mortality in cancer patients. We developed a survival prediction model for cancer patients that effectively identifies high-risk individuals, thereby providing a foundation for personalized survival assessment."
42536197,,2026,,"Residential pesticide exposure, mortality risk, and the potential mediating role of urinary metabolites: evidence from a nationally representative cohort.",False,"Global warming has increased the risk of vector-borne diseases, leading to more widespread pesticide use. While health effects of occupational or agricultural pesticide exposure are well documented, evidence linking residential pesticide use to mortality remains limited. We examined the association between residential pesticide exposure in U.S. adults, urinary pesticide metabolites, and both all-cause and cancer-specific mortality to assess the risks of household pesticide use. Data were obtained from the National Health and Nutrition Examination Survey (NHANES). Weighted multivariable Cox regression estimated hazard ratios (HRs) for residential pesticide exposure and mortality. Mediation analysis evaluated the role of urinary metabolites. The dataset was divided into training and validation sets, and three predictive models were developed using machine learning. The study included 21,466 adults. Compared to unexposed participants, those reporting residential pesticide exposure had HRs of 1.444 (95% CI, 1.239-1.683) for all-cause mortality and 1.375 (95% CI, 1.011-1.870) for cancer-specific mortality. Urinary levels of N,N-diethyl-meta-toluamide and N,N-diethyl-3-hydroxymethyl benzamide statistically mediated 20.51% and 19.01% of these risks. All models showed strong predictive performance, with AUC values > 0.8 in both training and validation sets. Residential pesticide exposure may be associated with an increased mortality risk, partially mediated by urinary metabolite levels. Limiting unnecessary household pesticide exposure may help reduce potential health risks, while the predictive model developed in this study may support future risk stratification and the identification of individuals at higher risk, pending external validation."
40874812,PMC12622479,2025,,GLM7 - A Novel Composite Glycolipid Index Derived from Routine Health Indicators for Enhanced Diagnosis and Prediction of Multimorbidity.,True,"Routine health examinations for healthy adults typically involve measurements such as height, weight, blood biochemistry, complete blood count, and urinalysis. However, the current scope of physical examinations has expanded to include numerous tests, some of which have questionable insight into underlying pathology. In this study, we analyzed 26,289 samples from the NHANES (National Health and Nutrition Examination Survey) database, along with 49 included indicators, to systematically explore the correlation between conventional indicators and various diseases. Our aim was to establish new diagnostic and predictive indicators. Initially, the top 10 diagnostic and predictive indicators for five disease categories, namely cardiovascular diseases, diabetes, liver diseases, cancer, and comorbidities, are identified, and the reliability of the routine test indicators is emphasized. Moreover, GLM7 (glycolipid metabolism 7 factors), a novel indicator integrating seven routine factors, has been developed. Restricted cubic spline (RCS) analysis and forest plot evaluations reveal its relationships and risk thresholds across diseases. An extreme gradient boosting (XGBoost) model using these factors exhibits excellent predictive performance in both the NHANES discovery and CHARLS (China Health and Retirement Longitudinal Study) validation cohorts. This study confirms conventional indicators' efficacy and introduces GLM7 as a tool for disease diagnosis/prediction, providing new insights into precise disease management."
42180936,PMC13190813,2026,,The obesity paradox effect of triglyceride-glucose-body mass index (TyG-BMI) on all-cause mortality in patients with malignant tumors: a machine learning-driven cohort study.,True," Background The prognostic significance of the triglyceride-glucose (TyG) index and its adiposity-related derivatives-incorporating body mass index (TyG-BMI), waist circumference (TyG-WC), and waist-to-height ratio (TyG-WHtR)-remains underexplored in patients with malignancies. This study aimed to systematically evaluate their predictive value for all-cause, cancer-specific, and cardiovascular disease (CVD) mortality utilizing traditional survey-weighted Cox regression and advanced machine learning (ML) algorithms. Methods A total of 2,151 cancer patients from the National Health and Nutrition Examination Survey (NHANES) (1999-2018) cohort were enrolled, with a median follow-up of 89 months. Multivariable survey-weighted Cox proportional hazards models and restricted cubic splines (RCS) were employed to evaluate linear and non-linear epidemiological associations. For prognostic benchmarking, survival ML algorithms-specifically, random survival forests (RSF) and gradient boosting survival analysis (GBSA)-were applied. Model discrimination was quantified using Harrell's concordance index (C-index), while permutation feature importance and SHAP analysis were utilized to provide individual-level interpretability. Results In unadjusted models, TyG, TyG-WC, and TyG-WHtR were positively associated with mortality; however, these associations were markedly attenuated following multivariable adjustment for confounders. Only TyG-BMI maintained a robust non-linear plateau association with all-cause mortality [approximate nadir at 259.4; Q2  vs . Q1 hazard ratio (HR) 0.753; Q3  vs . Q1 HR 0.729], reflecting an ""obesity paradox"" pattern that warrants cautious causal interpretation. TyG-WC exhibited an inverted L-shaped curve (inflection point at 850.2). Crucially, in traditional Cox regression, none of the TyG indices independently predicted cancer-specific mortality. Survival ML benchmarking significantly enhanced predictive performance: the TyG index paired with the GBSA model emerged as the optimal predictive tool for all-cause mortality [C-index =0.771; 95% confidence interval (CI), 0.741-0.801], whereas TyG-BMI combined with the RSF model achieved the highest predictive accuracy for cardiovascular mortality (C-index =0.840; 95% CI, 0.802-0.875). Conclusions TyG-BMI demonstrates a significant non-linear relationship with all-cause mortality in malignancy survivors, indicating that composite metabolic-adiposity profiles can serve as biomarkers for systemic resilience. For predictive stratification, ML identified the TyG index and TyG-BMI as the optimal predictors for all-cause and cardiovascular mortality, respectively. Crucially, their prognostic utility is strictly confined to non-cancer competing outcomes, offering novel perspectives for individualized systemic risk management."
41882235,,2026,,Multidimensional nomogram for prediction of cardiovascular disease risk in cancer survivors.,False," Purpose To identify factors associated with cardiovascular disease (CVD) among cancer survivors using the National Health and Nutrition Examination Survey (NHANES) database, and to construct and validate a clinical model to assess the probability of CVD risk among these patients. Methods A total of 1766 cancer survivors from the 2011-2018 NHANES database were included. Univariate analysis was used to screen for differential variables, and the XGBoost model was used to assess the importance of variables. A nomogram prediction model was constructed based on multivariate logistic regression and evaluated by receiver operating characteristic (ROC) curve, calibration curve, and decision curve analyses. Results On univariate analysis, age, marital status, family income poverty index ratio, total cholesterol, hypertension, diabetes, smoking, depression degree, sedentary time, and sleep time were significantly associated with CVD risk (all P  Conclusion This study constructed a CVD risk prediction model for cancer survivors, suggesting the utility of integrating psychosocial variables with traditional biomedical indicators for risk stratification."
40931290,PMC13356109,2026,,Phenotypic age acceleration as a novel predictor of benign prostatic hyperplasia: a prospective cohort study.,True,"This study aims to investigate the predictive value of combined phenotypic age and phenotypic age acceleration (PhenoAgeAccel) for benign prostatic hyperplasia (BPH) and develop a machine learning-based risk prediction model to inform precision prevention and clinical management strategies. The study analyzed data from 784 male participants in the US National Health and Nutrition Examination Survey (NHANES, 2001-2008). Phenotypic age was derived from chronological age and nine serum biomarkers. PhenoAgeAccel, representing biological aging acceleration, was calculated as the residual from regressing phenotypic age on chronological age. Recursive Feature Elimination (RFE) identified 34 BPH-associated features, which were integrated into an XGBoost prediction model. Logistic regression evaluated PhenoAgeAccel-BPH associations, while SHapley Additive exPlanations (SHAP) quantified feature contributions to enhance model interpretability. The XGBoost model achieved an area under the curve (AUC) of 0.833 in the test set. Phenotypic age was strongly correlated with chronological age (r = 0.833), and individuals with PhenoAgeAccel exhibited a significantly elevated risk of BPH (p < 0.001). Adjusting the model with phenotypic age improved predictive performance (AUC = 0.853). SHAP analysis identified phenotypic age as the third most influential predictor (after trailing cancer history and lead exposure), highlighting its clinical relevance. Chronological age and serum biomarkers are critical predictors of BPH, while PhenoAgeAccel independently contributes to risk stratification. Integrating phenotypic age with machine learning provides a robust framework for the early detection of BPH and personalized risk assessment, aligning with advancements in aging biomarker research. This approach supports targeted interventions to mitigate BPH progression in aging populations."
42459460,PMC13369117,2026,,Association between frailty and breast cancer incidence and construction of a breast cancer prediction model based on machine learning.,True," Objective The relationship between frailty and breast cancer (BC) has been scarcely investigated. This study aims to explore the association between frailty and BC and to develop a predictive model for BC risk based on the frailty index (FI). Methods This study utilized data from subjects with recorded frailty assessments and BC diagnosis collected by the National Health and Nutrition Examination Survey between 2003 and 2020. FI was assessed by 49 frailty indicators. Frailty was defined as FI > 0.20. First, logistic regression was used to analyze the link between frailty and BC. Subsequently, the dataset was divided into training and validation sets in a 7:3 ratio. Based on the training set, LASSO regression and 10-fold cross-validation were used to screen for the variables with the greatest predictive value. Then, the study built and evaluated eight machine learning (ML) models. Finally, SHapley Additive explanations was applied to interpret the best-performing model. Results After data were excluded, a total of 4,473 patients were ultimately included. Logistic analysis revealed a positive correlation between FI and BC prevalence ( p   Conclusion FI is positively correlated with the prevalence of BC. BC prediction model based on the attenuation index that this study developed and validated has high sensitivity, aids in early BC identification in frail individuals, and suggests that future studies refine its applicability."
41451124,PMC12727551,2025,,The critical role of inflammation in osteoporosis prediction unveiled by a machine learning framework integrating multi-source data.,True," Objective Osteoporosis poses a major global public health challenge. The limitations of current diagnostic methods, primarily diagnostic delays in bone density testing, are compounded by the insufficient exploration of inflammatory factors in predictive models for the disease's pathogenesis. This study aims to leverage multi-source data and machine learning to explore the value of inflammatory markers for osteoporosis prediction, establishing a high-precision model for early screening and precise prevention. Methods A multi-center, multi-level research design was employed, integrating four independent datasets: the National Health and Nutrition Examination Survey (NHANES) database (12,988 adult women), a Chinese postmenopausal women specialized cohort (CPW-BMI) (312 participants), the Osteoporosis Phenotype Validation Cohort (OP-VC) (60 participants), and animal experimental data (40 C57BL/6J mice). A predictive indicator system comprising 22 clinical features and inflammatory markers was constructed. Various machine learning algorithms (including RUSBoosted Trees, Bagged Trees, Support Vector Machines, Gaussian Process Regression, etc.) were used to establish classification and regression prediction models, and model performance was evaluated through rigorous five-fold cross-validation and external validation. Results Machine learning models based on inflammatory markers exhibited excellent predictive performance across different bone sites. At the femoral neck, the RUSBoosted Trees model achieved an Area Under the Receiver Operating Characteristic Curve (AUC) of 0.9643 and an accuracy of 90.55%; at the lumbar spine, the Efficient Logistic Regression model achieved an AUC of 0.9685 and an accuracy of 91.79%. External validation demonstrated good generalization ability: in the Chinese population cohort, the Fine Gaussian Support Vector Machine model had a prediction error (Root Mean Square Error, RMSE) of 0.681; in the clinical cohort, serum levels of Interleukin-6 (IL-6), Tumor Necrosis Factor-alpha (TNF-α), and Interleukin-1 beta (IL-1β) were significantly elevated in the osteoporosis group; in animal experiments, a Linear Discriminant Analysis model based on three core inflammatory factors achieved 97.5% accuracy (AUC = 0.9574). These results confirm the value of inflammatory markers in osteoporosis risk assessment. Conclusion Using inflammation markers and machine learning, we created accurate models to predict osteoporosis. This work confirms inflammation's key role in the disease, providing new insights for early detection and targeted intervention."
41560104,PMC12826254,2026,,Exploring the association between complete blood cell count-derived inflammatory biomarkers and cancer incidence through interpretable machine learning models: A study based on NHANES 1999 to 2016.,True,"This study utilized interpretable machine learning approaches to investigate associations between complete blood cell count (CBC)-derived inflammatory parameters and cancer occurrence. Data from 35,591 National Health and Nutrition Examination Survey participants collected between 1999 and 2016 were analyzed. Four CBC-derived inflammatory biomarkers were examined: systemic immune-inflammation index (SIRI), neutrophil-to-lymphocyte ratio (NLR), monocyte-to-lymphocyte ratio (MLR), and neutrophil-monocyte-lymphocyte ratio (NMLR). The analytical framework incorporated weighted multivariable logistic regression, restricted cubic spline modeling, threshold effect evaluation, and subgroup analyses. Machine learning assessment utilized 8 different algorithms, with the Boruta method for feature selection and Shapley additive explanations (SHAP) methodology for enhancing model interpretability. Participants with cancer exhibited significantly elevated levels of all inflammatory markers in comparison to control subjects. Multivariable logistic regression revealed that participants in the highest quartile demonstrated significantly increased cancer risk relative to the lowest quartile: SIRI (OR = 1.32, P = .023), NLR (OR = 1.38, P = .002), MLR (OR = 1.26, P = .041), and NMLR (OR = 1.44, P = .001). Each biomarker exhibited significant positive dose-response trends (all P ≤ .05). Restricted cubic spline analyses highlighted nonlinear associations with inflection points appearing at 2.084, 4.308, 0.145, and 4.739 for SIRI, NLR, MLR, and NMLR, respectively. The random forest model demonstrated optimal performance (AUC = 0.765), with SHAP analysis pinpointing age as the strongest predictor, followed by MLR, lymphocyte count, and NMLR. CBC-derived inflammatory biomarkers show notable nonlinear associations with cancer prevalence. Machine learning models that are interpretable reveal complex relationships that extend beyond traditional statistical methods, indicating that these readily available biomarkers could improve cancer risk stratification and early detection strategies."
41592398,,2026,,Association between cardiometabolic index and prevalence of ovarian cancer among US adults: A cross-sectional NHANES study.,False," Objective To investigate the possible link between ovarian cancer and cardiometabolic index (CMI). Methods A cross-sectional investigation was conducted using data from the National Health and Nutrition Examination Survey (NHANES) 1999-2018. Sensitivity analysis, smooth curve fitting, and weighted multivariate logistic regression were employed to explore the relationship between CMI and ovarian cancer. The effectiveness of CMI in detecting ovarian cancer was also assessed using eXtreme Gradient Boosting and receiver operating characteristic analysis. Furthermore, subgroup analysis and interaction tests were employed to examine the stability of the connection across different populations. Results In this study involving 8814 individuals aged ≥ 20 years, CMI was found to be positively correlated with ovarian cancer. Each unit increase in CMI was associated with 10 % increased odds of ovarian cancer in the fully adjusted model {odds ratio [OR] 1.10 [95 % confidence interval (CI) 1.02-1.17]}. The prevalence of ovarian cancer was higher in individuals in the highest CMI tertile [OR 3.68 (95 % CI 1.10-12.35)] compared with those in the lowest CMI tertile. There was a non-linear dose-response association (p for non-linearity = 0.004) between the odds of ovarian cancer and CMI. The results of subgroup analysis and interaction tests show that, apart from race, the relationship between CMI and ovarian cancer was consistent across subgroups. Conclusions Increased prevalence of ovarian cancer is associated with elevated CMI levels. Improving cholesterol levels and management of dyslipidaemia may help reduce the odds of ovarian cancer."
38277522,PMC10817101,2024,,Machine learning algorithms predicting bladder cancer associated with diabetes and hypertension: NHANES 2009 to 2018.,True,"Bladder cancer is 1 of the 10 most common cancers in the world. However, the relationship between diabetes, hypertension and bladder cancer are still controversial, limited study used machine learning models to predict the development of bladder cancer. This study aimed to explore the association between diabetes, hypertension and bladder cancer, and build predictive models of bladder cancer. A total of 1789 patients from the National Health and Nutrition Examination Survey were enrolled in this study. We examined the association between diabetes, hypertension and bladder cancer using multivariate logistic regression model, after adjusting for confounding factors. Four machine learning models, including extreme gradient boosting (XGBoost), Artificial Neural Networks, Random Forest and Support Vector Machine were compared to predict for bladder cancer. Model performance was assessed by examining the area under the subject operating characteristic curve, accuracy, recall, specificity, precision, and F1 score. The mean age of bladder cancer group was older than that of the non-bladder cancer (74.4 years vs 65.6 years, P < .001), and men were more likely to have bladder cancer. Diabetes was associated with increased risk of bladder cancer (odds ratio = 1.24, 95%confidence interval [95%CI]: 1.17-3.02). The XGBoost model was the best algorithm for predicting bladder cancer; an accuracy and kappa value was 0.978 with 95%CI:0.976 to 0.986 and 0.01 with 95%CI:0.01 to 0.52, respectively. The sensitivity was 0.90 (95%CI:0.74-0.97) and the area under the curve was 0.78. These results suggested that diabetes is associated with risk of bladder cancer, and XGBoost model was the best algorithm to predict bladder cancer."
41386362,,2026,,Developing explainable machine learning models from biochemical and clinical data to predict all-cause and cause-specific mortality in CVD-cancer comorbidity: A longitudinal study based on NHANES.,False," Background Cardiovascular disease (CVD) and cancer are leading causes of mortality, often coexisting in aging populations. Patients with comorbidities face synergistically increased risks, yet accurate and interpretable prediction tools remain limited. Conventional Cox proportional hazards (Cox PH) models cannot fully capture nonlinear biochemical marker interactions, restricting predictive utility. Objective Develop interpretable machine learning (ML) models predicting all-cause, CVD-specific, and cancer-specific mortality in U.S. adults with comorbid CVD and cancer using routine biochemical profiles. Methods We analyzed 10 National Health and Nutrition Examination Survey (NHANES) cycles (1999-2018; N = 1094). Twenty-one biochemical markers and clinical covariates were screened via random survival forests (RSF). Cox PH, Cox model with elastic net regularization (Cox Net), gradient boosting, extreme survival trees (EST), and RSF were compared using time-dependent AUC, C-index, Brier score with 10-fold cross-validation and bootstrapping. SHapley Additive exPlanations (SHAP) quantified feature contributions. Results RSF consistently outperformed other models. Test-set C-indices were 0.729 (95 % CI: 0.716-0.741) for all-cause, 0.731 (0.704-0.753) for CVD, and 0.674 (0.557-0.684) for cancer mortality. RSF achieved the lowest Brier scores (all-cause: 0.175; CVD: 0.152; cancer: 0.237), indicating superior calibration. Pairwise testing showed RSF significantly outperformed Cox PH and Cox Net for cancer mortality (P  Conclusions RSF outperformed conventional models by capturing nonlinear interactions while interpretable. This framework supports risk stratification for CVD-cancer comorbidity, highlighting clinical value of explainable ML in precision medicine."
40716343,,2025,,Interpretable machine learning approaches for predicting prostate cancer by using multiple heavy metal exposures based on the data from NHANES 2003-2018.,False,"Environmental pollution plays a major role in the development of prostate cancer (PCA). However, there has been no research on machine learning (ML) modelling between multiple heavy metal exposures and PCA risk. Based on the 8022 samples from the 2003-2018 National Health and Nutrition Examination Survey (NHANES) database, we utilized the information pertaining to the concentrations of 18 blood and urinary heavy metals and minerals as well as 14 covariates. Among the eight ML models evaluated, the random forest (RF) algorithm showed superior performance, achieving an accuracy of 72.835 %, an area under the receiver operating characteristic curve (AUC) of 0.869, an F 1  score of 0.145, a G-mean of 0.749, and a Youden index of 0.498 in the test set. Four interpretable methods were integrated into the ML model. RF found that specific levels of blood lead (Pb) (0.449-29.964 µg/dL), urinary cesium (Cs) (1.822-270.426 µg/L), and urinary antimony (Sb) (0.015-4.953 µg/L) were positively associated with the PCA risk, while blood cadmium (Cd) (0.247-9.025 µg/L) showed a negative association. Notably, urinary Cs and Sb emerged as novel risk-related metals for the PCA in our study. The synergistic effect analysis further identified blood Pb, urinary Sb, and urinary Cs as the major contributing factors. The predictive model established in this study can provide valuable strategies for the prevention and the control of PCA."
42200020,PMC13199051,2026,,Comparative evaluation of composite inflammatory indices for predicting prostate cancer risk and mortality: a NHANES-based study with external validation.,True," Background Prostate cancer (PCa) is one of the most common malignancies in men, and chronic inflammation has been implicated in its initiation and progression. Composite inflammatory indices, based on routine peripheral blood parameters, reflect systemic inflammatory and immune status. However, their clinical utility for risk stratification and prognostic evaluation in PCa remains unclear. Methods Data from the National Health and Nutrition Examination Survey (NHANES) 1999-2018 were analyzed, including 14,562 participants. Associations between 14 composite inflammatory indices and both PCa risk and all-cause mortality risk were evaluated using multivariable logistic regression and Cox proportional hazards models. Generalized estimating equations, generalized additive models, and restricted cubic splines were used to explore robustness and nonlinear associations. Kaplan-Meier survival analysis was used to evaluate prognostic associations. Furthermore, a Chinese hospital-based cohort was used for external validation of key inflammatory indices. Machine learning models were used to assess prognostic predictive performance. Results Several composite inflammatory indices were significantly associated with PCa risk. Increased systemic immune-inflammation index (SII), platelet-to-lymphocyte ratio (PLR), and neutrophil-to-lymphocyte ratio (NLR) were related to higher PCa risk, while elevated lymphocyte-to-monocyte ratio (LMR), prognostic nutritional index (PNI), hemoglobin-albumin-lymphocyte-platelet (HALP), and monocyte-to-high-density lipoprotein cholesterol ratio (MHR) were associated with reduced risk. Restricted cubic spline analysis indicated that some inflammatory indices exhibited potential non-linear relationships with PCa incidence and all-cause mortality risk. Regarding prognosis, increased neutrophil-to-platelet ratio (NPR), systemic inflammation response index (SIRI), and aggregate index of systemic inflammation (AISI) were associated with a higher risk of all-cause mortality, while high C-reactive protein-to-albumin ratio (CAR), creatinine-to-lymphocyte ratio (CLR), and inflammatory burden index (IBI) were linked to poorer prognosis. The external cohort further validated the stable association of SII, PLR, and NLR with adverse prognosis. Machine learning analyses yielded consistent discriminatory performance, supporting the prognostic relevance of inflammation-related hematological features. Conclusion Multiple composite inflammatory indices are associated with the PCa risk and prognosis. Among them, SII, PLR, and NLR demonstrated stable predictive value for adverse prognosis across different populations. Inflammatory indices based on peripheral blood parameters can contribute to risk stratification and clinical decision-making for PCa patients."
41637463,PMC12871976,2026,,Construction of a depression risk prediction model for hepatitis B patients based on machine learning strategy.,True," Background Hepatitis B (HBV) is a chronic viral infection that can lead to cirrhosis, liver failure, and liver cancer, and has a profound impact on the patient's mental health. However, current depression screening mainly relies on self-filled scales and clinical experience, lacking objective and efficient prediction tools. This study aims to construct a risk prediction model for depression in hepatitis B patients based on machine learning, and explore the key features that affect the occurrence of depression, so as to optimize mental health management strategies. Methods This study used the NHANES database to collect demographic, dietary, physical examination, laboratory test and questionnaire data. The data were standardized and SMOTE oversampling was used to solve the problem of class imbalance. Random Forest (RF) was used for feature screening to identify the top 20 most important predictive features, and five machine learning models (Gradient Boosting, Logistic Regression, AdaBoost, MLPClassifier, LDA) were used for prediction. The model performance was evaluated by AUC (area under the curve), accuracy, recall, precision and F1-score, and ROC curves, calibration curves, and decision curve analysis (DCA) were drawn to evaluate the clinical applicability of the model. Results All five machine learning models performed well in the task of predicting the risk of depression in hepatitis B patients, among which MLPClassifier (multi-layer perceptron) performed best, with an AUC of 0.935, a recall of 0.980, and an F1-score of 0.917, which was better than other models. In addition, feature analysis results showed that liver function damage (serum total bilirubin, alkaline phosphatase), electrolyte imbalance (serum potassium ions), chronic inflammation (red blood cell distribution width, lymphocyte count), and socioeconomic factors (poverty-income ratio, race) were important factors affecting the risk of depression in hepatitis B patients. Conclusion This study constructed an efficient and objective machine learning model that can be used to predict the risk of depression in patients with hepatitis B, providing a new tool for accurate screening and individualized management. The study revealed the potential mechanisms of physiological, biochemical and socioeconomic factors in the occurrence of depression in patients with hepatitis B, and provided a reference for future mental health intervention strategies."
40415396,,2025,,"Multidimensional Evidence Chain of Nutritional Impact on Digestive System Tumors: Integration of Mendelian Randomization Causal Inference, NHANES Epidemiological Data, and Transcriptomic Analysis.",False," Background The global burden of digestive system tumors (e.g., hepatocellular carcinoma, gastric cancer, colorectal cancer) continues to rise, with low survival rates in advanced stages, necessitating etiology-based intervention strategies. Nutritional metabolic disorders are closely linked to tumor progression, but existing studies predominantly focus on correlational analyses, leaving causal relationships and molecular mechanisms poorly understood. Objective Integrating Mendelian randomization (MR), National Health and Nutrition Examination Survey (NHANES) epidemiological data, and transcriptomic data analysis, this study aims to elucidate the impact of nutritional status on digestive system tumors, identify key genes, develop prognostic models for precise nutritional interventions, and propose potential therapeutic directions. Methods Causal Inference: MR analysis using OpenGWAS data to assess causal associations between nutritional symptoms and digestive system tumor. Epidemiological Validation: Restricted cubic spline models analyzed nonlinear associations between nutritional status (Geriatric Nutritional Risk Index [GNRI]) and telomere length (DNAmTL) in NHANES 1999-2002 data ( n  = 2,532). Gender stratification and mediation effects tested nutritional pathways. Molecular Mechanism: Transcriptomic data from TCGA (CHOL, LIHC, COAD, etc.) identified malnutrition-related genes. Survival analysis, immune subtype classification (C1-C6), and tumor microenvironment scoring (ESTIMATE/RNAss) were integrated to build a Cox prognostic model. Machine learning (ML; Random Forest/Support Vector Machine) screened key genes. CellMiner database linked gene expression to drug sensitivity. Results Causal Association: MR confirmed significant causal effects of nutrition on digestive system tumor risk ( P  IVW    115 ( β  = -0.0123/unit,  P  = 0.035), while females showed no significant association. Dietary quality (Healthy Eating Index) directly protected telomeres ( β  = 0.069,  P  = 0.003), linked to seafood/plant protein ( β  = 0.066) and whole fruit intake ( β  = 0.067). Key Genes: ML identified ACTG2, MSX1, and COL7A1 as core drivers. Prognostic Model: A risk score model (ATP6V0A1*0.70 + TP63*0.37 + SLC7A7*0.49 + ARHGAP29*0.33 + CDH1*(-0.50)) distinguished high/low-risk groups (AUC = 0.977). Potentially Available Drugs: Zoledronate, LY-294002, and Everolimus may be potential choices for malnutrition digestive tract tumors. Conclusion This study systematically reveals multidimensional mechanisms linking malnutrition to digestive system tumor progression  via  genetic, molecular, and immune pathways. Key genes (ACTG2, MSX1, COL7A1) and gender-specific interventions offer novel strategies for precision oncology. Future validation in cross-ethnic cohorts and clinical trials is warranted."
41187199,PMC12585082,2025,,The relationship between the neutrophil percentage to albumin ratio and the occurrence of prostate cancer.,True," Background Although prior research has indicated that nutritional and inflammatory markers may play a role in prostate cancer development, the exact interplay and underlying mechanisms are not yet fully understood. Materials and methods The study population comprised 16,481 males from the NHANES database, after excluding participants with missing covariates. The Neutrophil Percentage-to-Albumin Ratio (NPAR) was used to assess the inflammation and nutritional status. Statistical methods such as multivariable logistic regression, eXtreme Gradient Boosting model, subgroup analysis, and Generalized Additive Model were used to analyze the relationship between NPAR and prostate cancer prevalence. Results The restricted cubic splines of the independent variable NPAR and the dependent variable (prostate cancer prevalence) were statistically significant based on the logistic regression analysis. The eXtreme Gradient Boosting machine learning model identified the NPAR and age as the most influential variables for prostate cancer. Subgroup analysis revealed significant correlations between the NPAR and age, race, and smoking status. Clinical validation has confirmed the diagnostic significance of NPAR in prostate cancer. Conclusion A positive correlation was observed between NPAR and prostate cancer prevalence, indicating the potential mechanism of developing the disease. However, due to the cross-sectional design and self-reported cancer diagnoses in the NHANES database, causality cannot be established."
42670686,,2026,,Associations of life's crucial 9 and its components with all-cause and cardiovascular mortality in diabetic kidney disease patients.,False," Objective To assess the associations of life's crucial 9 (LC9) and its components with all-cause and cardiovascular disease (CVD)-related mortality in patients with diabetic kidney disease (DKD). Materials and methods Records of DKD patients were extracted from the National Health and Nutrition Examination Survey database. The relationships of LC9 scores with all-cause and CVD-related mortality were investigated by weighted univariate and multivariable COX proportional hazard models, with hazard ratios (HRs) and 95% confidence intervals (CIs). The associations were further explored based on different characteristics of DKD patients, including age, sex, CVD, cancer, diabetic retinopathy, and anemia. Random forest models were used to evaluate the importance of LC9 components for all-cause and CVD-related mortality. Results Among 1,877 DKD patients, 586 died from any cause, and 193 were CVD-related. DKD patients with elevated LC9 scores (≥ 47.778) had lower odds of all-cause and CVD-related mortality, compared to those with LC9 score  Conclusion High LC9 scores were associated with lower odds of all-cause and CVD-related mortality, suggesting that incremental improvements in modifiable factors may be beneficial to the prognosis of DKD patients."
42305524,PMC13265197,2026,,Association of serum vitamins and carotenoids with breast cancer status among adult women in NHANES 2017-2018: a cross-sectional study.,True," Background Breast cancer remains a major public health burden among women worldwide. Circulating vitamins and carotenoids may be related to oxidative stress, inflammation, and other biological processes relevant to breast cancer, but serum-based evidence remains inconsistent. The aim of this study is to examine the associations between serum vitamins and carotenoids and breast cancer status among women in National Health and Nutrition Examination Survey (NHANES) 2017-2018. Methods This cross-sectional study included women aged ≥20 years from NHANES 2017-2018. Breast cancer status was defined by self- or proxy-reported physician diagnosis in the Medical Conditions Questionnaire. Men, women aged  Results Compared with women without breast cancer, those with breast cancer were older [66.00 (11.73)  vs.  49.42 (17.27) years; SMD =1.123], more likely to be widowed/divorced/separated (57.1%  vs.  26.0%), non-Hispanic White (52.7%  vs.  30.9%), hypertensive (60.4%  vs.  38.8%), and hyperglycemic (56.0%  vs.  42.2%). In the fully adjusted model, α-carotene, α-cryptoxanthin, β-cryptoxanthin, and lutein and zeaxanthin were inversely associated with breast cancer status. The most consistent association was observed for α-cryptoxanthin [Q2  vs.  Q1: odds ratio (OR) =0.52, 95% confidence interval (CI): 0.30-0.89; Q3  vs.  Q1: OR =0.38, 95% CI: 0.20-0.71; Q4  vs.  Q1: OR =0.27, 95% CI: 0.12-0.56; P-trend  vs.  Q1: OR =0.39, 95% CI: 0.20-0.72; Q4  vs.  Q1: OR =0.31, 95% CI: 0.15-0.60; P-trend  Conclusions Higher serum concentrations of α-cryptoxanthin, α-carotene, β-cryptoxanthin, and lutein and zeaxanthin were inversely associated with self-reported breast cancer status, with α-cryptoxanthin showing the most consistent association. Given the cross-sectional design and self-reported outcome, the findings should be interpreted cautiously."
39700695,PMC11729017,2025,,Machine learning and SHAP value interpretation for predicting comorbidity of cardiovascular disease and cancer with dietary antioxidants.,True," Objective To develop and validate a machine learning model incorporating dietary antioxidants to predict cardiovascular disease (CVD)-cancer comorbidity and to elucidate the role of antioxidants in disease prediction. Methods Data were sourced from the National Health and Nutrition Examination Survey. Antioxidants, including vitamins, minerals, and polyphenols, were selected as key features. Additionally, demographic, lifestyle, and health condition features were incorporated to improve model accuracy. Feature preprocessing included removing collinear features, addressing class imbalance, and normalizing data. Models constructed within the mlr3 framework included recursive partitioning and regression trees, random forest, kernel k-nearest neighbors, naïve bayes, and light gradient boosting machine (LightGBM). Benchmarking provided a systematic approach to evaluating and comparing model performance. SHapley Additive exPlanation (SHAP) values were calculated to determine the prediction role of each feature in the model with the highest predictive performance. Results This analysis included 10,064 participants, with 353 identified as having comorbid CVD and cancer. After excluding collinear features, the machine learning model retained 29 dietary antioxidant features and 9 baseline features. LightGBM achieved the highest predictive accuracy at 87.9 %, a classification error rate of 12.1 %, and the top area under the receiver operating characteristic curve (0.951) and the precision-recall curve (0.930). LightGBM also demonstrated balanced sensitivity and specificity, both close to 88 %. SHAP analysis indicated that naringenin, magnesium, theaflavin, kaempferol, hesperetin, selenium, malvidin, and vitamin C were the most influential contributors. Conclusion LightGBM exhibited the best performance for predicting CVD-cancer comorbidity. SHAP values highlighted the importance of antioxidants, with naringenin and magnesium emerging as primary factors in this model."
38329808,PMC10854439,2024,,"Association between sleep duration, depression and breast cancer in the United States: a national health and nutrition examination survey analysis 2009-2018.",True," Objective Breast cancer is the most common cancer in women, threatening both physical and mental health. The epidemiological evidence for association between sleep duration, depression and breast cancer is inconsistent. The aim of this study was to determine the association between them and build machine-learning algorithms to predict breast cancer. Methods A total of 1,789 participants from the National Health and Nutrition Examination Survey (NHANES) were included in the study, and 263 breast cancer patients were identified. Sleep duration was collected using a standardized questionnaire, and the Nine-item Patient Health Questionnaire (PHQ-9) was used to assess depression. Logistic regression yielded multivariable-adjusted breast cancer odds ratios (OR) and 95% confidence intervals (CI) for sleep duration and depression. Then, six machine learning algorithms, including AdaBoost, random forest, Boost tree, artificial neural network, limit gradient enhancement and support vector machine, were used to predict the development of breast cancer and find out the best algorithm. Results Body mass index (BMI), race and smoking were statistically different between breast cancer and non-breast cancer groups. Participants with depression were associated with breast cancer (OR = 1.99, 95%CI: 1.55-3.51). Compared with 7-9h of sleep, the ORs for  9 h of sleep were 1.25 (95% CI: 0.85-1.37) and 1.05 (95% CI: 0.95-1.15), respectively. The AdaBoost model outperformed other machine learning algorithms and predicted well for breast cancer, with an area under curve (AUC) of 0.84 (95%CI: 0.81-0.87). Conclusions No significant association was observed between sleep duration and breast cancer, and participants with depression were associated with an increased risk for breast cancer. This finding provides new clues into the relationship between breast cancer and depression and sleep duration, and provides potential evidence for subsequent studies of pathological mechanisms."
40963229,,2025,,Correlation Between the Prognostic Nutritional Index and Breast Cancer in U.S. Adults: NHANES 2001-2018.,False," Background Previous studies have reported that both inflammation and nutrition may affect breast cancer development, but there has been no comprehensive analysis of the influence of the immune nutritional indicator Prognostic Nutritional Index on breast cancer. The Prognostic Nutritional Index (PNI), integrating serum albumin and lymphocyte count, serves as a dual biomarker reflecting systemic nutritional status and antitumor immune competence. Mechanistically, hypoalbuminemia signifies malnutrition and cancer-associated chronic inflammation, while lymphocytopenia indicates impaired immune surveillance facilitating tumor evasion. Clinically validated across gastrointestinal and breast malignancies, low PNI correlates with therapeutic resistance and reduced survival, attributable to compromised tissue repair and antitumor immunity. Despite its cost-effectiveness and calculability from routine blood tests, PNI's potential as an accessible risk stratification tool remains. Methods We selected 18,709 eligible participants from the National Health and Nutrition Examination Survey (NHANES) conducted from 2001-2018. Statistical methods such as weighted multivariate logistic regression and subgroup analysis were used to analyze the associations between the PNI and breast cancer incidence. In addition, the PNI thresholds for breast cancer incidence were determined  via  a two-stage linear regression model. Finally, a machine learning algorithm (XGBoost) was applied to verify the effect of the PNI on the incidence of breast cancer. The Prognostic Nutritional Index (PNI), derived from serum albumin (ALB, g/L) and peripheral blood lymphocyte count (×10 9 /L)  via  the formula PNI = ALB + 5 × lymphocyte count, was evaluated using weighted multivariable logistic regression to assess its dose-response relationship with the outcome. To this end, PNI was modeled both as a continuous variable (per 1-unit increase) and using gender-specific tertiles (T1:  52.4). Results In this study, the Prognostic Nutritional Index (PNI) demonstrated a significant inverse association with breast cancer risk. The mean PNI value was 52.5 (±8.9) in the overall population, with significantly lower values observed in breast cancer patients compared to controls ( p   P -overall  P -non-linear > 0.05). Moreover, when PNI was categorized into tertiles, the highest tertile was associated with a substantially lower risk of breast cancer compared to the lowest tertile (OR = 0.58; 95% CI: 0.41-0.81;  p   Conclusion Our study suggests that the PNI is negatively and linearly correlated with the incidence of breast cancer. A lower Prognostic Nutritional Index (PNI) is associated with an increased risk of breast cancer."
40697552,PMC12282170,2025,,Dietary antioxidants and flavonoids are inversely associated with prostate cancer risk and mortality: evidence from NHANES and machine learning.,True," Background Oxidative stress and dietary micronutrient imbalances have been implicated in prostate cancer (PCa) development and progression. Although flavonoids and antioxidants show promise in experimental models, evidence from population-based studies remains limited. Objectives This research aimed to investigate the relationship between the consumption of antioxidants and flavonoids in the diet and the risk and survival of PCa, as well as to assess the potential of machine learning models in identifying significant dietary factors. Methods Data from 2,629 male participants aged ≥40 years from National Health and Nutrition Examination Survey (NHANES) 2007-2010 were analyzed. Dietary intake was estimated using two 24-h recalls linked to the USDA Flavonoid Database. PCa status was self-reported. Survey-weighted logistic regression and Cox models evaluated associations with PCa prevalence and all-cause mortality, adjusting for demographic, lifestyle, and clinical covariates. Nine supervised machine learning models, including random forest (RF), were developed and validated. Shapley Additive Explanations (SHAP) values identified key predictors and visualized their effects. Results Among 2,629 U.S. male participants from NHANES 2007-2010, 144 reported a history of PCa. Compared with non-cancer individuals, cases had lower intake of selenium, magnesium, quercetin, kaempferol, epicatechin, epigallocatechin, total flavones, and total flavonoids (all  P   Conclusion Our results highlight selenium, magnesium, and select flavonoids as promising dietary factors in reducing PCa risk and improving prognosis. These insights support the development of evidence-based, individualized nutritional strategies and call for further mechanistic and clinical investigations."
41013668,PMC12465457,2025,,Machine learning and nomogram prediction model to explore the relationship between monocyte-to-high-density lipoprotein cholesterol ratio and asthma: results from the NHANES 2001-2018.,True," Background Asthma is a prevalent chronic respiratory disease with significant morbidity and healthcare burden. Identifying novel biomarkers for asthma risk prediction is crucial for early intervention and personalized management. The monocyte-to-high-density lipoprotein cholesterol ratio (MHR) has emerged as a potential inflammatory marker in various chronic diseases. This study aimed to investigate the association between MHR and asthma risk using data from the National Health and Nutrition Examination Survey (NHANES) and to develop a predictive model for asthma risk incorporating MHR and other clinical variables. Methods Data from NHANES (2001-2018) were used. Weighted logistic regression was employed to assess the relationship between MHR and asthma risk. Participants were randomly divided into training (70%) and validation (30%) cohorts. The Boruta algorithm was used to evaluate the training cohort, select the best model, and identify potential confounding factors. A nomogram-based predictive model was constructed using variables selected by the Boruta algorithm [smoke, age, hypertension, cardiovascular disease (CVD), marital status, gender, race, poverty-income ratio (PIR), body mass index (BMI), cancer, education, diabetes, and MHR]. The model's performance was evaluated using receiver operating characteristic (ROC) curves, calibration curves, and decision curve analysis (DCA) curves. The variables selected by Boruta algorithm are included in the machine learning (ML) model for analysis. SHAP (SHapley Additive exPlanations) analysis was performed to assess the contribution of each variable. Results A total of 28,855 participants were included after excluding those with missing data. MHR was positively associated with asthma incidence (P  Conclusions This study demonstrates a positive association between the MHR and asthma risk, indicating a significant cross-sectional relationship. The nomogram-based predictive model incorporating MHR and other clinical variables showed moderate discriminative ability."
40669089,PMC12286590,2025,,Association Between Comorbidity Clusters and Mortality in Patients With Cancer: Predictive Modeling Using Machine Learning Approaches of Data From the United States and Hong Kong.,True," Background Patients with cancer and cancer survivors often experience multiple chronic health conditions, which can impact symptom burden and treatment outcomes. Despite the high prevalence of multimorbidity, research on cancer prognosis has predominantly focused on cancers in isolation. There is growing interest in machine learning techniques for cancer studies. However, these methods have not been applied in the context of supportive care for patients with cancer who have multimorbidity. Furthermore, few studies have investigated the associations between comorbidity clusters and mortality outcomes. Objective This study investigated comorbidity clusters among patients with cancer using machine learning and examined their associations with mortality outcomes in two large representative samples from the United States and Hong Kong. Methods This study used data from the National Health and Nutrition Examination Survey (NHANES) and the Hospital Authority Data Collaboration Laboratory (HADCL). Participants aged ≥20 years with a history of cancer were included. The study used a two-step framework to identify clusters of comorbidities in NHANES. In the first step, we used four machine learning techniques, including the Bernoulli mixture model and partition-based methods, to cluster the comorbidities. In the second step, domain experts reviewed and ranked the identified clusters to ensure clinical relevance. The clusters that had the highest average rank were selected for further analysis. The associations between comorbidity clusters and mortality outcomes were analyzed using Cox proportional hazards models. We conducted an external validation to evaluate the generalizability of the clusters identified in the NHANES cohort and their associations with mortality using HADCL. The same number of clusters was replicated based on the distinctive patterns and distribution of comorbidities observed within each cluster. Results The study included 4390 participants in NHANES and 12,484 participants in HADCL. Four comorbidity clusters were identified: low comorbidity, metabolic, cardiovascular disease (CVD), and respiratory. In NHANES, participants in the respiratory cluster had the highest risk of all-cause mortality (adjusted hazard ratio [aHR] 1.62, 95% CI 1.26-2.08; P Conclusions High comorbidity burden clusters showed increased all-cause and CVD-related mortality in patients with cancer. These findings highlight the significance of considering comorbidity burden in cancer care. Machine learning approaches can provide valuable insights into complex multimorbidity profiles. Further research is needed to deepen understanding of the relationships between multimorbidity and cancer-specific outcomes."
40730969,PMC12309015,2025,,The application and predictive value of the weight-adjusted-waist index in BC prevalence assessment: a comprehensive statistical and machine learning analysis using NHANES data.,True," Background Obesity is a known risk factor for breast cancer (BC), but conventional metrics such as body mass index (BMI) may insufficiently capture central adiposity. The weight-adjusted waist index (WWI) has emerged as a potentially superior anthropometric marker of central adiposity, as it provides a more accurate reflection of fat distribution around the abdomen compared to traditional measures such as BMI. This study aimed to investigate the association between WWI and BC prevalence using data from a nationally representative population in the United States. Methods A total of 10,760 women aged over 20 years from the 2005-2018 National Health and Nutrition Examination Survey were included. Logistic regression was used to assess the association between WWI and BC prevalence. Multicollinearity was addressed using variance inflation factor diagnostics. Machine learning methods, including random forest and LASSO regression, were employed for variable selection and model comparison. The performance of the models was evaluated using ROC curves, calibration plots, and decision curve analysis. Results In unadjusted models, WWI was significantly associated with BC (odds ratio (OR) = 1.56; 95% confidence interval (CI): 1.32-1.86). However, in the fully adjusted model, the association with BC was no longer statistically significant (OR = 0.98; 95% CI: 0.75-1.26). Machine learning models ranked WWI as one of the top predictors, with the random forest model retaining WWI as an important variable, while LASSO excluded it. Models based on variables selected by both LASSO and random forest, which included WWI, were built and assessed using ROC curve analysis. The random forest and LASSO models achieved AUCs of 0.795 and 0.79, respectively, demonstrating improved predictive performance. These findings suggest that while WWI may not serve as an independent predictor of BC, it may offer additional value when combined with other key covariates. Conclusion Although the WWI was related to BC prevalence before multivariable adjustment, it was not significantly linked to BC after adjustment. Given the cross-sectional design and the relatively small sample of BC cases (n = 326), the findings should be viewed with caution. Future research with larger prospective cohorts is needed to confirm these results and explore WWI's role in BC risk stratification. Studies should also investigate whether WWI can serve as a reliable independent predictor of BC in future research, taking into account other factors that may influence the association."
40349028,PMC12065310,2025,,Inflammatory markers mediate the association between alternative adiposity indices and mortality in patients with rheumatoid arthritis: data from NHANES 1999-2018.,True," Background Rheumatoid arthritis (RA) is a chronic inflammatory joint disease with increasing mortality worldwide. Traditional obesity indicators inadequately predict the mortality risk in this population. Thus, the research aimed to evaluate new obesity indicators to explore their close association with RA mortality. Methods This study analyzed 101,316 National Health and Nutrition Examination Survey participants (1999-2018) to evaluate alternative adiposity indices for RA mortality prediction. Missing data were imputed using the random forest method. Key covariates were selected using the Boruta algorithm and weighted univariate Cox regression. Multivariable-adjusted models generated hazard ratios (95% confidence interval), validated by time-dependent receiver operating characteristic curves and Harrell's C-index. Survival patterns were assessed with restricted cubic splines (RCS) and Kaplan-Meier curves. Threshold effects and robustness were analyzed via segmented Cox models and sensitivity analyses. Extreme gradient boosting (XGBoost) identified A Body Shape Index (ABSI) as the strongest predictor. Results Among the 1,266 individuals, 299 deaths occurred during follow-up (190 all-cause, 59 cardiovascular, 50 cancer). ABSI predicted the 5-, 10-, and 20-year mortality (area under the curve: 0.823, 0.801, 0.752, respectively) and outperformed other indices in the Harrell's C-index. Weighted multivariable Cox regression linked higher ABSI × 100 values with increased mortality; Kaplan-Meier curves confirmed reduced survival in the highest quartile (P  Conclusions This study revealed a potential clinical value of a new obesity index, specifically the ABSI, in predicting the survival rates among individuals with RA. Inflammatory markers appear to play a partial mediating role in this relationship."
40262223,,2025,,Identifying environmental factors and biological metrics associated with cancer prevalence and mortality: An environment-wide association study.,False," Background Present knowledge about determinants of oncogenesis and cancer mortality remains incomplete, inconsistent, and controversial. We aimed to conduct an environment-wide association study (EWAS) to systematically investigate and tentatively validate correlations of environmental factors and biological metrics with prevalence and mortality of cancer. Methods All eligible participants were selected from the US National Health and Nutrition Examination Survey (NHANES) and randomly split into training and testing sets by survey years. Environmental and biological exposures were assessed through either physical examinations or laboratory tests. We conducted survey-weighted logistic regression and COX proportional hazards regression models to investigate the relationships of 398 factors with cancer prevalence and 380 factors with cancer mortality, respectively. To adjust for multiple comparisons, positive findings in the training set (false discovery rate [FDR]  Results Overall, 55,021 general participants and 5163 cancer survivors were included in the study of cancer prevalence and mortality, respectively. After adjusting potential confounders, we identified 7 environmental or biological factors (e.g. total bilirubin, testosterone, and beta-cryptoxanthin) associated with cancer prevalence in the general population, as well as 21, 8, and 6 indicators associated with all-cause (e.g. C-reactive protein), cancer-specific (e.g. blood selenium), and noncancer mortality (e.g. albumin) among individuals with cancer, respectively. EWAS-identified factors contributed to better performance of random forest models in predicting cancer prevalence. Conclusions Employing an EWAS approach, this study provided novel insights into potential targets for prevention and control of cancer."
42701956,,2026,,Cancer risk and mortality assessment in the overweight population: evaluation of single and integrated models based on inflammatory markers.,False," Background Chronic inflammation is a significant driver of carcinogenesis, particularly in the context of obesity; yet its role and the predictive value of common inflammatory biomarkers in overweight people (BMI 25-29.9) remain unclear and controversial. This study evaluated six hematologic inflammatory indices (BLR, NLR, MLR, SII, SIRI, PLR) for predicting cancer incidence and mortality among overweight adults. Methods Cross-sectional observational data from NHANES involving 11,348 overweight subjects and 9,181 normal-weight controls were analyzed; 823 overweight cancer patients were included for mortality assessment. Cancer status was self-reported, and cancer-specific death was defined by ICD-10 C00-C97 codes. Six inflammatory markers were derived from routine blood tests. Covariates were selected using LASSO and VIF, while nonlinearity was assessed through RCS. Predictive performance was evaluated using logistic regression, Cox proportional hazards models, and XGBoost with five-fold cross-validation. Results All six markers presented U-shaped correlations with cancer risk and mortality. Fully adjusted models showed BLR independently predicted cancer risk (OR = 1.343, 95% CI:1.063-1.689, P = 0.012). NLR (HR = 1.150) and MLR (HR = 3.388) predicted mortality only in partially adjusted models, with significance lost after full covariate correction. Machine learning showed PLR_SII achieved the highest accuracy (0.7339) for cancer prediction, while PLR_SIRI yielded the maximum AUC (0.8124) among dual-marker panels, and MLR_SII_SIRI yielded optimal mortality forecasting (AUC = 0.7697, accuracy = 0.7273), with merely mild gains over single biomarkers. Subgroup disparities existed for MLR and SIRI across age, race and socioeconomic groups; elevated MLR/SIRI corresponded to worse survival per Kaplan-Meier curves. Conclusion Inflammatory markers have complex U-shaped links to cancer outcomes in overweight individuals. Combined multi-biomarker models deliver limited predictive improvement yet can aid population risk stratification. Given the observational design without external validation, only correlational conclusions can be drawn. Longitudinal prospective studies are required in the future to validate these indicators for clinical early cancer screening and intervention."
42617515,,2026,,"Linking bisphenol a exposure to pancreatic cancer: Evidence from population epidemiology, multi-omics screening, and cellular validation.",False,"Bisphenol A (BPA) is a ubiquitous environmental endocrine disruptor; its association with pancreatic cancer and its potential mechanisms of action remain unclear. This study established a comprehensive framework integrating population epidemiology, computational toxicology, machine learning, molecular dynamics simulations, and experimental validation to conduct a systematic investigation. Analysis of NHANES 2003-2016 data (N = 11,894 adults) revealed that high urinary BPA exposure (quartile 4 vs. quartiles 1-3) was significantly associated with increased cancer mortality (OR = 1.43, 95% CI: 1.04-1.96, P = 0.027; PAF = 9.51%). Intersection analysis of 597 BPA target genes and 3933 pancreatic cancer-associated genes identified 246 overlapping candidates, from which 14 core genes were prioritized through machine learning screening across 15 algorithms and 175 combinations. A diagnostic nomogram constructed based on these 14 genes achieved AUCs of 0.984 and 0.997 in the GSE15471 and TCGA-PAAD + GTEx datasets, respectively. Molecular dynamics simulations (200 ns × 3 replicates) combined with MM/GBSA binding free energy calculations indicated that the binding affinity of AHR for BPA (-57.55 ± 7.20 kcal/mol) was approximately twice that of GPRC5A (-28.87 ± 12.96) and comparable to that of known AHR ligands. Functionally, BPA exhibited a cell-type-dependent biphasic effect, inhibiting normal pancreatic ductal epithelial cell (hTERT-HPNE) viability while enhancing colony formation in AsPC-1 and MiaPaCa-2 pancreatic cancer cells, with AHR knockdown attenuating this proliferative advantage. Collectively, these findings provide population-level, computational, biophysical, and functional evidence supporting an association between BPA and pancreatic cancer, with AHR identified as a potential key molecular mediator."
40883416,PMC12397387,2025,,Long chain fatty acid transport via SLC27A1 enhances DAG-3-P synthesis and accelerates colorectal cancer metastasis.,True,"Colorectal cancer (CRC) is a major global health issue. Despite advancements in treatment, CRC patients still face challenges of metastasis and variable prognosis. Circulating tumor cells (CTCs) shed from the primary tumor into the peripheral blood circulation provide new insights into the potential molecular mechanisms driving tumor progression and metastasis.In this study, we comprehensively analyzed CTC data, primary tumor tissue data, and metastatic tumor tissue data from CRC patients to identify pathways associated with CRC metastasis, with a specific focus on the transport processes of vitamins, nucleosides, and related molecules. Using machine learning techniques, we identified Solute Carrier Family 27 Member 1 (SLC27A1) as the biomarker most closely associated with CRC metastasis. SLC27A1 is responsible for transporting extracellular long-chain fatty acids (LCFAs) into cells, and the model constructed based on the expression level of this gene achieved an accuracy of over 95% in assisting the assessment of patients' metastatic risk across different datasets.Further studies revealed that the process of intracellular LCFAs being catalyzed to synthesize diacylglycerol-3-phosphate (DAG-3P) is closely related to CRC metastasis. Laboratory experiments confirmed that downregulation of SLC27A1 expression in colorectal cancer cell lines (Caco-2 and T84) significantly inhibited cell migration and invasion abilities, directly validating the functional role of this gene in promoting tumor metastasis. Additionally, statistical analysis using data from the National Health and Nutrition Examination Survey database (2017-2020) showed a slightly higher incidence of cancer in populations with high-fat intake.These findings, integrating computational predictions and experimental validation, deepen our understanding of the biological mechanisms of colorectal cancer and provide potential targets for therapeutic interventions and personalized treatment strategies."
41299673,PMC12764094,2025,,From biomarker to clinical utility: translating the advanced lung cancer inflammation index into a machine learning-driven risk stratification tool for colorectal cancer.,True,"BACKGROUND: Both nutrition and inflammation have been implicated in the pathogenesis of colorectal cancer (CRC), but most previous studies have examined these factors separately. This study aimed to explore the combined association of inflammation and nutritional status with CRC. METHODS: This study selected 101,316 subjects from the National Health and Nutrition Survey (NHANES) conducted from 1999 to 2018. First, weighted logistic regression was used to measure the association between the advanced lung cancer inflammation index (ALI) and CRC. Then, restricted cubic splines (RCS) were used to capture the dose-response curve, and the predictive power of the model was calibrated by the ROC curve. Subsequently, robustness was verified through subgroup and interaction analyses. Furthermore, random forest analysis combined with the Boruta algorithm was employed to identify CRC-related factors. Subsequently, a machine learning(ML) prediction framework is constructed, and the black box of the optimal model is disassembled using SHAP values to endow it with interpretability. RESULTS: In the fully adjusted model, each unit increase in log-transformed ALI was associated with a 20.9% reduction in CRC risk (OR = 0.791; 95% CI: 0.628–0.997; p = 0.047). Participants in the highest log-ALI quartile had a 46.2% lower risk compared to those in the lowest quartile (OR = 0.538; 95% CI: 0.344–0.842; P = 0.007). The fully adjusted model demonstrated strong discriminative ability (AUC = 0.848). RCS analysis confirmed a linear dose-response relationship (P for nonlinearity = 0.731). The robustness of these findings was supported by subgroup and sensitivity analyses. Random forest analysis coupled with the Boruta algorithm identified log-ALI as a strong predictor. Among seven machine learning models evaluated, the LightGBM algorithm achieved the highest and most stable predictive performance (AUC = 0.870). SHAP analysis confirmed log-ALI as the most important protective feature. CONCLUSION: This study demonstrates that higher ALI levels, indicative of better nutritional and inflammatory status, are significantly associated with a lower risk of CRC. The optimized ML model based on ALI shows promise as a cost-effective tool for CRC risk stratification."
40988252,PMC12459534,2025,,The association between metabolic score for visceral fat and asthma incidence risk: A machine learning analysis based on the NHANES database.,True,"This study aims to investigate the relationship between the metabolic score for visceral fat (METS-VF) and the risk of asthma incidence, and to assess its role in predictive models using machine learning methods. Data from the National Health and Nutrition Examination Survey database from 2001 to 2018 were used, with a total of 13,695 participants included after excluding those with missing values. The Boruta algorithm was employed to screen variables, which were then randomly divided into training and validation sets at a 7:3 ratio and incorporated into machine learning predictive models for analysis. SHapley Additive exPlanations visualization analysis was used to evaluate the importance of each variable. The Boruta algorithm identified 14 variables, including age, gender, education level, race, marital status, smoking history, alcohol consumption, poverty-income ratio, body mass index, METS-VF, presence of hypertension, diabetes, cancer, and cardiovascular disease. Among the various machine learning models evaluated, the CatBoost model demonstrated the highest area under the receiver operating characteristic curve, with a value of 0.640 (95% CI: 0.617-0.664). This finding underscores its superiority as the optimal predictive model in this context. SHapley Additive exPlanations visualization analysis revealed that body mass index was the most significant variable associated with asthma incidence risk, followed by gender, race, marital status, and smoking history. There is a certain association between the METS-VF and the risk of asthma incidence. CatBoost delivers high predictive accuracy alongside transparent interpretability, positioning it as an effective tool for asthma risk screening."
42560444,,2026,,From Environmental Lead Exposure to Colorectal Cancer: Integrated Transcriptomic and Genetic Analyses Identify HMOX1 as a Prioritized Candidate.,False,"Colorectal cancer (CRC) is a leading cause of cancer mortality, and the mechanisms linking lead exposure to CRC remain unclear. In this study, we integrated population-level association (NHANES), transcriptomic analyses (bulk and single-cell RNA-seq), and genetic evidence to prioritize candidate genes potentially connecting lead exposure and CRC. In NHANES, higher blood lead levels were associated with increased odds of self-reported CRC in the crude and partially adjusted models, but this association was attenuated and no longer statistically significant after full adjustment. Database-driven prioritization combining network toxicology and machine-learning highlighted several candidate genes (HMOX1, IL1B, NLRP3, BCL2, MAPK3, and ALAD). Single-cell RNA-seq and CellChat analyses indicated that HMOX1 is enriched in monocytes/macrophages and may be involved in immune- and oxidative-stress-related signaling within the CRC microenvironment. Exploratory two-sample MR using whole-blood eQTL as an exposure proxy provided genetic evidence consistent with an association between genetically predicted HMOX1 expression and CRC risk. Molecular docking suggested a plausible binding pose of plumbagin within the HMOX1 pocket. Collectively, these results suggest that the crude epidemiologic association between blood lead and CRC prevalence is sensitive to covariate adjustment and generate testable hypotheses implicating HMOX1 for future experimental validation."
39678170,PMC11636945,2024,,Robust Estimation of Loss-Based Measures of Model Performance under Covariate Shift.,False,"We present methods for estimating loss-based measures of the performance of a prediction model in a target population that differs from the source population in which the model was developed, in settings where outcome and covariate data are available from the source population but only covariate data are available on a simple random sample from the target population. Prior work adjusting for differences between the two populations has used various weighting estimators with inverse odds or density ratio weights. Here, we develop more robust estimators for the target population risk (expected loss) that can be used with data-adaptive (e.g., machine learning-based) estimation of nuisance parameters. We examine the large-sample properties of the estimators and evaluate finite sample performance in simulations. Last, we apply the methods to data from lung cancer screening using nationally representative data from the National Health and Nutrition Examination Survey (NHANES) and extend our methods to account for the complex survey design of the NHANES."
40478960,,2025,,Associations of the NPAR index with breast cancer incidence and mortality based on the National Health and Nutrition Examination Survey (NHANES) 2001-2018: a cross-sectional study.,False," Background Breast cancer (BC) remains one of the most prevalent cancers affecting women globally, imposing significant health and economic burdens on both patients and society. This study aims to investigate the relationship between the neutrophil percentage-to-albumin ratio (NPAR) and BC risk and mortality. Materials and methods Clinical data from 13 540 participants in the NHANES database were analyzed, including 331 individuals with a documented history of BC. Survival analysis and advanced machine learning (ML) techniques were applied to assess the data. Results Higher NPAR levels were significantly associated with increased BC risk in the unadjusted model, with quartile comparisons revealing an odds ratio (OR) of 1.51 (95% CI: 0.99-2.29, P = 0.057). After adjustment, the OR increased to 1.70 (95% CI: 1.12-2.57, P  Conclusion NPAR emerged as a crucial biomarker in BC risk assessment. This study suggests that NPAR may serve as a dual-purpose biomarker for both BC risk evaluation and prognostic assessment, potentially aiding in early screening and personalized treatment strategies."
42768379,PMC13595699,2026,,Phenotypic age metrics for risk stratification of chronic disease burden and all-cause mortality in adults.,True," Background Phenotypic age gap (PAG) and phenotypic age acceleration (PhenoAgeAccel) are measures of biological ageing that have been linked to adverse health outcomes. However, their relationships with common chronic diseases and mortality in nationally representative populations remain incompletely understood. We investigated the associations of PhenoAge-based ageing metrics with chronic disease burden and all-cause mortality in U.S. adults. Methods This retrospective study included 7,624 adults from NHANES 2005-2010 and 2015-2018. Phenotypic age was calculated using chronological age and nine clinical biomarkers. PAG was defined as phenotypic age minus chronological age, and PhenoAgeAccel was derived as a binary ageing-status variable. Cross-sectional analyses examined associations between common chronic diseases and ageing metrics, while machine-learning models were used to identify key predictive factors. Longitudinal analyses evaluated associations with all-cause mortality. Results Obesity, hypertension, arthritis, diabetes, and malignancy were among the conditions most strongly associated with accelerated biological ageing. Among the evaluated machine-learning algorithms, LightGBM showed the best predictive performance, and SHAP analyses identified obesity, hypertension, arthritis, diabetes, and malignancy as the most influential predictive features. Positive PhenoAgeAccel was associated with increased all-cause mortality(HR 5.52, 95% CI 4.26-7.15). In addition, participants with cardiometabolic multimorbidity (CMM) and positive PAG had the poorest survival outcomes, suggesting that biological-age measures may provide additional risk stratification within multimorbid populations. Conclusions Several common chronic diseases were strongly associated with greater biological-age burden, and accelerated phenotypic ageing was linked to higher mortality risk. These findings support the potential value of PAG and PhenoAgeAccel as practical tools for risk stratification in relation to chronic disease burden and mortality. Clinical trial number Not applicable."
40357031,PMC12066505,2025,,Association between neutrophil percentage-to-albumin ratio and breast cancer in adult women in the US: findings from the NHANES.,True," Background An increasing number of studies suggests an association between systemic inflammation, nutritional status, and cancer. However, the relationship between the prevalence of breast cancer (BC) and the neutrophil-percentage-to-albumin ratio (NPAR), a recently identified biomarker of inflammation, is not well established. Therefore, this study aims to investigate the relationship between BC risk and the NPAR. Methods This study included 18,726 participants from the National Health and Nutrition Examination Survey (NHANES) conducted between 2001 and 2018. The NPAR was used to assess inflammation and nutritional status. Statistical methods such as multivariate logistic regression, subgroup analysis, and restricted cubic spline (RCS) analysis were conducted to investigate the influence of NPAR on the prevalence of BC. In addition, propensity score matching was employed to further validate the findings. Results The logistic regression results showed that the prevalence of breast cancer is significantly associated with the NPAR (OR = 1.05; 95% CI = 1.02-1.09,  p  = 0.003). In comparison to participants in the lowest quartile, Q1, the prevalence of breast cancer increased by 5% for those in Q2 ( p  = 0.745), 3% for those in Q3 ( p  = 0.032), and 38% for those in Q4 ( p  = 0.018) with a higher NPAR. In addition, subgroup and RCS analyses showed that the NPAR and BC prevalence were positively correlated. Furthermore, a significant association was observed between the NPAR and marital status. The significance of traits was assessed using mean decrease accuracy (MDA) and mean decrease impurity (MDI). These measures of random forest modeling showed that NPAR is one of the major factors affecting the prevalence of BC. Furthermore, linear analysis demonstrated a correlation between a high NPAR and increased total testosterone and sex hormone-binding globulin (SHBG) levels. Conclusion A significant association was observed between a high NPAR and a higher prevalence of breast cancer, which could be attributable to sex hormone levels. This finding suggests that the NPAR may serve as a biomarker for BC in adult women in the US."
39767532,PMC11675289,2024,,A Machine Learning Classification Model for Gastrointestinal Health in Cancer Survivors: Roles of Telomere Length and Social Determinants of Health.,True," Background Gastrointestinal (GI) distress is prevalent and often persistent among cancer survivors, impacting their quality of life, nutrition, daily function, and mortality. GI health screening is crucial for preventing and managing this distress. However, accurate classification methods for GI health remain unexplored. We aimed to develop machine learning (ML) models to classify GI health status (better vs. worse) by incorporating biological aging and social determinants of health (SDOH) indicators in cancer survivors. Methods We included 645 adult cancer survivors from the 1999-2002 NHANES survey. Using training and test datasets, we employed six ML models to classify GI health conditions (better vs. worse). These models incorporated leukocyte telomere length (TL), SDOH, and demographic/clinical data. Results Among the ML models, the random forest (RF) performed the best, achieving a high area under the curve (AUC = 0.98) in the training dataset. The gradient boosting machine (GBM) demonstrated excellent classification performance with a high AUC (0.80) in the test dataset. TL, several socio-economic factors, cancer risk behaviors (including lifestyle choices), and inflammatory markers were associated with GI health. The most significant input features for better GI health in our ML models were longer TL and an annual household income above the poverty level, followed by routine physical activity, low white blood cell counts, and food security. Conclusions Our findings provide valuable insights into classifying and identifying risk factors related to GI health, including biological aging and SDOH indicators. To enhance model predictability, further longitudinal studies and external clinical validations are necessary."
42446284,,2026,,Association of inflammation-related composite indices with lung cancer risk in US adults and all-cause mortality among lung cancer patients: evidence from the 1999-2018 NHANES.,False," Background Chronic inflammation is implicated in lung cancer pathogenesis. Inflammation-related haematologic indices are accessible biomarkers, but their associations with lung cancer risk and mortality in the general US population are not well-established. Aim To investigate the associations of five inflammation-related haematologic indices (NLR, MLR, NMLR, ALI, PIV) with lung cancer risk and all-cause mortality among US adults. Subjects and methods This population-based study analysed 47,862 adults from the 1999-2018 NHANES. Lung cancer was self-reported. Associations with lung cancer risk in the overall study population and with all-cause mortality among participants with lung cancer (followed through 2019) were assessed using weighted logistic and Cox regression models, respectively. Sensitivity analyses, including machine learning, were performed. Results Among participants, 114 had lung cancer. Higher NLR, MLR, NMLR, and PIV were significantly associated with increased lung cancer risk (e.g. per 1-SD increase: MLR OR = 1.50) and all-cause mortality (e.g. MLR HR = 1.40). Conversely, higher ALI was associated with decreased risk (OR = 0.58) and mortality (HR = 0.53). MLR showed the highest discriminative ability for risk (AUC = 0.715). Sensitivity analyses confirmed robustness. Conclusion Inflammation-related haematologic indices are significantly associated with lung cancer risk and prognosis. These low-cost biomarkers show potential for risk stratification and prognostic assessment."
40206955,PMC11978644,2025,,Key factors determination of hyperuricemia and association analysis among patients with breast cancer: results from NHANES data.,True," Objectives To explore the factors influencing hyperuricemia in breast cancer patients based on the National Health and Nutrition Examination Survey (NHANES) database. Methods The univariate and multivariate generalized linear regression were used to screen the influencing factors of hyperuricemia. Logistic and XGBoost algorithms were used to rank the importance of influencing factors. Receiver Operating Characteristic (ROC) curves and Decision Curve Analysis (DCA) curves were used to assess the predictive performance and clinical benefit. Trend analysis, Restricted cubic spline (RCS) analysis, and generalized additive model were used to explore the relationship between key factor and hyperuricemia. Results A total of 359 patients with breast cancer were included, of whom 99 patients had hyperuricemia. Among all variables collected, BMI, total calcium, creatinine, hypertension, and gout were found as independent factors of hyperuricemia (all  p   Conclusion Creatinine was identified as the most important factor of hyperuricemia in breast cancer patients, as it had independent association with hyperuricemia and favorable prediction performance."
39104905,PMC11299648,2024,,Predictive Efficacy of the Advanced Lung Cancer Inflammation Index in Hepatocellular Carcinoma After Hepatectomy.,True," Background Hepatocellular carcinoma (HCC) presents a significant global health challenge due to its poor prognosis and high recurrence rates post-surgery. This study examines the predictive efficacy of the Advanced Lung Cancer Inflammation Index (ALI) in assessing the post-hepatectomy prognosis of patients with HCC. Methods A cohort comprising 1654 HCC patients who underwent hepatectomy at Guangxi Medical University Cancer Hospital from 2013 to 2019 was enrolled. Patients were stratified into two groups according to the median ALI level, and then subjected to propensity score matching (PSM) in a 1:1 ratio. Kaplan-Meier survival curves, the traditional Cox proportional hazards (CPH) model, and machine learning (ML) models were employed to analyze and evaluate ALI's prognostic significance. Furthermore, ALI's prognostic value in digestive system tumors was validated via analysis of the National Health and Nutrition Examination Survey (NHANES) database. Results After applying PSM, a final cohort of 1284 patients, categorized into high and low ALI groups, revealed a significantly reduced survival time in the low ALI cohort. Univariate and multivariate Cox analyses identified ALI, BCLC stage, CK19, Hepatitis B virus (HBV) DNA, lymph node metastasis, and microvascular invasion (MVI) as independent predictors of prognosis. Both traditional CPH and ML models incorporating ALI demonstrated excellent predictive accuracy, validated through calibration curves, time-dependent ROC curves, and decision curve analysis. Furthermore, the prognostic value of ALI in digestive tumors was confirmed in the NHANES database. Conclusion The ALI exhibits potential as a prognostic predictor in patients with HCC following hepatectomy, providing valuable insights into postoperative survival."
40190762,PMC11968389,2025,,The relationship between epigenetic biomarkers and the risk of diabetes and cancer: a machine learning modeling approach.,True," Introduction Epigenetic biomarkers are molecular indicators of epigenetic changes, and some studies have suggested that these biomarkers have predictive power for disease risk. This study aims to analyze the relationship between 30 epigenetic biomarkers and the risk of diabetes and cancer using machine learning modeling. Methods The data for this study were sourced from the NHANES database, which includes DNA methylation arrays and epigenetic biomarker datasets. Nine machine learning algorithms were used to build models: AdaBoost, GBM, KNN, lightGBM, MLP, RF, SVM, XGBoost, and logistics. Model stability was evaluated using metrics such as Accuracy, MCC, and Sensitivity. The performance and decision-making ability of the models were displayed using ROC curves and DCA curves, while SHAP values were used to visualize the importance of each epigenetic biomarker. Results Epigenetic age acceleration was strongly associated with cancer risk but had a weaker relationship with diabetes. In the diabetes model, the top three contributing features were logA1Mort, family income-to-poverty ratio, and marital status. In the cancer model, the top three contributing features were gender, non-Hispanic White ethnicity, and PACKYRSMort. Conclusion Our study identified the relationship between epigenetic biomarkers and the risk of diabetes and cancer, and used machine learning techniques to analyze the contributions of various epigenetic biomarkers to disease risk."
39240958,PMC11379308,2024,,"Predictive modeling of lean body mass, appendicular lean mass, and appendicular skeletal muscle mass using machine learning techniques: A comprehensive analysis utilizing NHANES data and the Look AHEAD study.",True,"This study addresses the pressing need for improved methods to predict lean mass in adults, and in particular lean body mass (LBM), appendicular lean mass (ALM), and appendicular skeletal muscle mass (ASMM) for the early detection and management of sarcopenia, a condition characterized by muscle loss and dysfunction. Sarcopenia presents significant health risks, especially in populations with chronic diseases like cancer and the elderly. Current assessment methods, primarily relying on Dual-energy X-ray absorptiometry (DXA) scans, lack widespread applicability, hindering timely intervention. Leveraging machine learning techniques, this research aimed to develop and validate predictive models using data from the National Health and Nutrition Examination Survey (NHANES) and the Action for Health in Diabetes (Look AHEAD) study. The models were trained on anthropometric data, demographic factors, and DXA-derived metrics to accurately estimate LBM, ALM, and ASMM normalized to weight. Results demonstrated consistent performance across various machine learning algorithms, with LassoNet, a non-linear extension of the popular LASSO method, exhibiting superior predictive accuracy. Notably, the integration of bone mineral density measurements into the models had minimal impact on predictive accuracy, suggesting potential alternatives to DXA scans for lean mass assessment in the general population. Despite the robustness of the models, limitations include the absence of outcome measures and cohorts highly vulnerable to muscle mass loss. Nonetheless, these findings hold promise for revolutionizing lean mass assessment paradigms, offering implications for chronic disease management and personalized health interventions. Future research endeavors should focus on validating these models in diverse populations and addressing clinical complexities to enhance prediction accuracy and clinical utility in managing sarcopenia."
42066461,PMC13141994,2026,,Multi-scale evidence chain: Linking environmental BPA exposure to ovarian cancer through integrated omics and experimental models.,True," Background Ovarian cancer (OC) is a leading cause of female cancer mortality. Beyond genetic and reproductive risk factors, emerging evidence suggests bisphenol A (BPA), a widespread endocrine-disrupting chemical, may contribute to ovarian carcinogenesis, though underlying mechanisms remain unclear. Methods We employed a multi-dimensional approach combining: (1) cross-sectional NHANES analysis (66 OC cases, 291 matched controls), (2) two-sample Mendelian randomization using GWAS data, (3) integrative bioinformatics (target prediction, nine GEO datasets, WGCNA, machine learning), (4) molecular docking/dynamics simulations, and (5) functional assays in SKOV3 cells. Results Urinary BPA levels were significantly elevated in OC patients (p  Conclusion This integrated analysis provides multi-omic evidence supporting an association between BPA exposure and OC pathogenesis, with MR findings suggesting a potential causal relationship that requires independent replication, identifying five hub genes as potential biomarkers and therapeutic targets."
39779803,PMC11711503,2025,,Blood metal levels predict digestive tract cancer risk using machine learning in a U.S. cohort.,True," Background Environmental metal exposure has been implicated in the development of digestive tract cancers, although the specific associations remain poorly defined. This study aimed to investigate the relationship between blood metal levels and the risk of digestive tract cancers among U.S. adults. Methods Data from the National Health and Nutrition Examination Survey (NHANES) 2011-2018, including 13,467 participants aged 20 years and older, were analyzed. Nine blood metals were measured. Multivariable logistic regression, restricted cubic spline models, and subgroup analyses were employed to assess the associations between metal levels and cancer risk. Additionally, a Random Forest (RF) model was used for cancer risk prediction. Results Among the participants, 9 had esophagus cancer (EC), 11 had gastric cancer (GC), and 83 had colorectal cancer (CRC). Compared to healthy controls, EC patients exhibited significantly higher blood levels of potassium (K, 4.40 vs. 4.00 mmol/L), cadmium (Cd, 12.46 vs. 2.49 µg/L), and lead (Pb, 0.09 vs. 0.05 µg/L). GC patients had elevated Pb levels (0.08 vs. 0.05 µg/L), while CRC patients showed higher concentrations of Cd (3.11 vs. 2.49 µg/L) and Pb (0.06 vs. 0.04 µg/L). Logistic regression analysis revealed significant associations between higher K (odds ratio [OR] = 7.58, 95% CI: 3.48-16.48, P  Conclusions The study reveals a positive association between certain blood metals and digestive tract cancer risk, suggesting that limiting exposure to these metals may serve as a potential preventive measure."
40741049,PMC12307447,2025,,Development and validation of deep learning- and ensemble learning-based biological ages in the NHANES study.,True," Introduction Conventional machine learning (ML) approaches for constructing biological age (BA) have predominantly relied on blood-based markers, limiting their scope. This study aims to develop and validate novel ML-based BA models using a comprehensive set of clinical, behavioral, and socioeconomic factors and evaluate their predictive performance for mortality. Methods We analyzed data from 24,985 participants in the National Health and Nutrition Examination Survey (NHANES) from 1999 to 2010, with follow-up extending to 31 December 2019, or until death or loss to follow-up. Thirty features, including blood and urine biochemistry, physical examination data, behavioral traits, and socioeconomic factors, were selected using the Least Absolute Shrinkage and Selection Operator (LASSO). These features were utilized to train deep neural networks (DNN) and ensemble learning models, specifically the Deep Biological Age (DBA) and Ensemble Biological Age (EnBA), with chronological age (CA) as the reference label. Model performance was assessed using mean absolute error (MAE), while interpretability was explored using Shapley Additive exPlanation (SHAP). Predictive accuracy of DBA and EnBA for mortality was compared with Phenotypic Age (PhenoAge) using the area under the curve (AUC) derived from Cox proportional hazards models and hazard ratios (HR), adjusted for demographics and lifestyle factors. Sensitivity analyses were performed to ensure robustness. Results DBA and EnBA accurately predicted actual age (MAE = 2.98 and 3.58 years, respectively) and demonstrated strong predictive capability for all-cause mortality, with AUCs of 0.896 (95% CI: 0.891-0.898) for DBA and 0.889 (95% CI: 0.884-0.894) for EnBA. Higher DBA and EnBA accelerations were significantly associated with increased mortality risk (HR = 1.059 and 1.039, respectively). SHAP analysis highlighted prescription medication usage, hepatitis B surface antibody status, and vigorous physical activity as the most influential features contributing to DBA predictions. Furthermore, BA acceleration was linked to elevated risk of death from specific chronic conditions, including cardiovascular and cerebrovascular diseases and cancer. Discussion Our study successfully developed and validated two ML-based BA models capable of accurately predicting both all-cause and cause-specific mortality. These findings suggest that the DBA and EnBA models hold promise for early identification of high-risk individuals, potentially facilitating timely preventive interventions and improving population health outcomes."
38142591,,2024,,Development of interpretable machine learning models associated with environmental chemicals to predict all-cause and specific-cause mortality：A longitudinal study based on NHANES.,False,"Limited information is available on potential predictive value of environmental chemicals for mortality. Our study aimed to investigate the associations between 43 of 8 classes representative environmental chemicals in serum/urine and mortality, and further develop the interpretable machine learning models associated with environmental chemicals to predict mortality. A total of 1602 participants were included from the National Health and Nutrition Examination Survey (NHANES). During 154,646 person-months of follow-up, 127 deaths occurred. We found that machine learning showed promise in predicting mortality. CoxPH was selected as the optimal model for predicting all-cause mortality with time-dependent AUROC of 0.953 (95%CI: 0.951-0.955). Coxnet was the best model for predicting cardiovascular disease (CVD) and cancer mortality with time-dependent AUROCs of 0.935 (95%CI: 0.933-0.936) and 0.850 (95%CI: 0.844-0.857). Based on clinical variables, adding environmental chemicals could enhance the predictive ability of cancer mortality (P < 0.05). Some environmental chemicals contributed more to the models than traditional clinical variables. Combined the results of association and prediction models by interpretable machine learning analyses, we found urinary methyl paraben (MP) and urinary 2-napthol (2-NAP) were negatively associated with all-cause mortality, while serum cadmium (Cd) was positively associated with all-cause mortality. Urinary bisphenol A (BPA) was positively associated with CVD mortality."
40636877,PMC12238023,2025,,Identifying emphysema risk using brominated flame retardants exposure: a machine learning predictive model based on the SHAP methodology.,True," Background Emphysema is a major contributor to lung disease progression and is associated with significant health risks, including exacerbations, mortality, and lung cancer. While environmental exposures, such as brominated flame retardants (BFRs), have been suggested as risk factors, their role in emphysema prediction has been largely overlooked. This study aimed to develop a machine learning (ML) model to predict emphysema risk incorporating BFRs exposure data and demographic characteristics. Methods Using data from the NHANES (2005-2016) dataset, 8,205 participants were included in the study. The participants were divided into a training set (70%) and a testing set (30%). Eight machine learning algorithms, including lightGBM, MLP, DT, KNN, RF, SVM, Enet, and XGBoost, were applied to build and evaluate the model. Demographic data and BFRs exposure levels were used as predictors. SHAP and Partial Dependence Plots (PDP) were used for model interpretability analysis. Results The MLP model showed the best performance with an AUC of 0.83. Age and PBB153 were identified as the most influential predictors. SHAP analysis revealed that higher exposure to BFRs, particularly PBB153, was strongly associated with increased emphysema risk. The WQS model further confirmed the positive relationship between BFRs exposure and emphysema. Conclusion This study demonstrates the significant predictive value of BFR exposure in emphysema risk assessment and highlights the importance of incorporating environmental factors into disease prediction models. The findings provide new insights for integrating BFRs into personalized health risk assessments and public health interventions."
41734845,,2026,,From clinical evidence to biological mechanisms: GPRC5B as a key mediator of metabolic syndrome-associated prostate cancer.,False,"Metabolic syndrome (MetS) is a recognized risk factor for prostate cancer (PCa), yet the precise biological mechanisms driving this association remain poorly understood. Unraveling these molecular pathways is essential for developing targeted interventions to improve patient outcomes. In this study, we analyzed NHANES (2005-2014) data to examine associations between MetS and PCa outcomes, finding that MetS was significantly associated with higher PCa risk (OR = 1.52), all-cause mortality (HR = 1.53), and cancer-specific mortality (HR = 2.17). Through integrated multi-omics, weighted gene co-expression network analysis, and machine learning, we identified the orphan receptor GPRC5B as a critical hub gene downregulated in both conditions. Single-cell transcriptomic analysis further confirmed that GPRC5B is predominantly expressed in endothelial cells. Mechanistically, GPRC5B loss was found to hyperactivate p38 MAPK signaling through a specific dual mechanism: increasing phosphorylation of upstream MKK3/6 kinases while concurrently suppressing the negative feedback phosphatase DUSP1. This synergistic dysregulation drove enhanced endothelial proliferation, migration, and tube formation in vitro. In vivo, endothelial GPRC5B deficiency significantly accelerated tumor growth and neovascularization, phenotypes that were effectively reversed by the p38 inhibitor SB202190. Clinical specimens corroborated reduced GPRC5B expression and increased microvessel density in MetS-associated PCa. Collectively, our findings establish endothelial GPRC5B downregulation as a key molecular driver promoting pathological angiogenesis via the MKK3/6-DUSP1-p38 axis, suggesting that targeting this signaling cascade offers a promising therapeutic strategy for managing MetS-associated PCa aggression."
41997961,PMC13347023,2026,,Oral microbiome signatures predict biological age and host health.,True,"Identifying robust, non-invasive biomarkers of biological age is key to preventive medicine. While gut aging clocks exist, the oral microbiome remains underexplored as a quantitative biomarker. Using oral microbiome data from two NHANES cohorts (N = 4,675), we identified 64 age-dependent bacterial genera and developed a machine learning model predicting chronological age, with generalizability in an independent external cohort (N = 1,293). We derived an Oral Microbiome Aging Acceleration (OMAA) Score as the residual of predicted age against chronological age. The OMAA Score independently predicted all-cause mortality (HR = 1.05, P = 0.024) and frailty (OR = 1.05, P = 0.008), correlated with impaired kidney function (lower eGFR: β = -0.066, P = 5.22×10 -4 ), and enhanced risk prediction for cancer (AUC 0.70 vs. 0.67, P = 0.009) and heart attack (AUC 0.79 vs. 0.76, P = 0.016) beyond conventional risk factors. Diet and medication had minimal association. The OMAA Score offers a scalable, non-invasive tool to identify high-risk individuals for age-related morbidity and mortality."
40218080,PMC11988625,2025,,Association Between the Nutritional Inflammatory Index and Obstructive Sleep Apnea Risk: Insights from the NHANES 2015-2020 and Mendelian Randomization Analyses.,True," Background/Objectives:  Current approaches to monitoring obstructive sleep apnea (OSA) risk primarily focus on structural or functional abnormalities, often neglecting systemic metabolic and physiological factors. Resource-intensive methods, such as polysomnography (PSG), limit their routine applicability. This study aimed to evaluate composite nutritional-inflammatory indices derived from routine blood markers to identify feasible indices for OSA management and explore their association with OSA risk.  Methods:  Data from 9622 adults in the NHANES (2015-2020) and GWAS datasets were analyzed using logistic regression, restricted cubic splines, machine learning, and Mendelian randomization (MR). These techniques were employed to identify nutritional-inflammatory indices associated with OSA risk. Random forest modeling identified body mass index (BMI) and albumin (ALB) as key components of the advanced lung cancer inflammation index (ALI). Causal relationships between ALI components and OSA were validated using MR.  Results:  ALI was significantly associated with OSA, with individuals in the highest ALI tertile exhibiting a 59% higher likelihood of OSA (OR = 1.59, 95% CI: 1.38-1.84;  p   Conclusions:  This study identifies ALI as a potential composite index for assessing OSA risk. Integrating statistical modeling, machine learning, and causal inference techniques highlights the utility of nutritional-inflammatory indices in improving OSA monitoring and management in clinical practice."
39102412,PMC11299806,2024,,Neutrophil-percentage-to-albumin ratio is associated with chronic kidney disease: Evidence from NHANES 2009-2018.,True," Introduction The neutrophil-percentage-to-albumin ratio (NPAR), a novel inflammatory biomarker, has been used to predict the prognosis of patients with cancer and cardiovascular disease. However, the relationship between NPAR and chronic kidney disease (CKD) remains unknown. The purpose of this study was to investigate the possible association between NPAR and CKD. Methods The cross-sectional study included participants with complete information on NPAR, serum creatinine (Scr), or urinary albumin-to-creatinine ratio (UACR) from the 2009-2018 National Health and Nutrition Examination Survey (NHANES). CKD was defined as the presence of either low estimated glomerular filtration rate (eGFR) or albuminuria. Univariate and multivariate logistic regression and restricted cubic spline regression were used to assess the linear and nonlinear associations between NPAR and renal function. Subgroup and interactive analyses were performed to explore potential interactive effects of covariates. Missing values were imputed using random forest. Results A total of 25,236 participants were enrolled in the study, of whom 4518 (17.9%) were diagnosed with CKD. After adjustment for covariates, the odds ratios (ORs) for prevalent CKD were 1.19 (95% CI = 1.07-1.31, p  Conclusions NPAR was positively correlated with increased risk of CKD. The NPAR may serve as an available and cost-effective tool for identifying and intervening the individuals at risk of CKD."
37710270,PMC10500873,2023,,Positive associations between different circulating trans fatty acids (TFAs) and urinary albumin excretion among adults in the U.S.: a population-based study.,True," Background It is well established that the consumption of trans-fatty acids (TFAs) can increase the incidence of total mortality, cardiovascular disease, cancer, and diabetes. However, there are still no demographic studies on the effects of circulating TFA isoforms on the albumin-creatinine ratio (ACR), an early marker of chronic kidney disease. Our goal was to explore the possible relationships between TFAs and ACR. Methods In this study, complete TFAs and urinary ACR data were collected from the National Health and Nutrition Examination Survey (NHANES) (2009-2010 and 1999-2000 cycles). The independent linear relationships between different circulating TFA isoforms and the ACR were examined by performing multivariable linear regression models. Machine learning was used to analyze the contribution of the different TFA isoforms to the ACR. To assess the nonlinearity of the relationship, smooth curve fitting and an analysis of threshold effect were performed, and a stratified analysis was conducted to identify possible susceptible populations. Results Our analysis included a total of 3785 individuals. Elaidic acid, linolelaidic acid, and sum TFAs were shown to be positively associated with the ACR after full adjustment by weighted multivariable regression analysis. In the subgroup analysis, the positive associations were maintained in participants with hypertension and without diabetes. In the XGBoost model of the ACR, Sum TFAs were found to be the most crucial factor. In addition, smooth curve fitting showed that there was a nonlinear relationship between the different TFAs and the ACR, and there was a saturation point. Conclusions Our study demonstrated that TFA isoforms were positively and independently correlated with urinary albumin excretion, especially in participants with hypertension and without diabetes. This suggested that reducing trans fatty acid intake may reduce the risk of renal events."
41252864,,2025,,Unveiling the association between dietary metals and prostate health: Identifying benign prostatic hyperplasia using a SHAP-based interpretable machine learning model in US adults.,False," Background Benign prostatic hyperplasia affects roughly 50 % of men aged 51-60 and 70 % of those aged 61-70. While heavy metals have been linked to prostate cancer and inflammation, little is known about how the dietary intake of trace metals influences BPH risk. This study aimed to establish an interpretable, machine-learning-based framework using U.S. NHANES data to identify key dietary metals associated with BPH risk. Methods We analyzed adult male participants from NHANES cycles 2005-2008, extracting daily intake estimates for six trace metals. This study compared six algorithms to elucidate the relationship between dietary metal intake and BPH risk, assessing their performance in associating BPH risk across seven evaluation metrics to identify the optimal model and enhance interpretability through analysis with SHapley Additive exPlanations (SHAP). Subgroup analyses explored nonlinear intake-risk relationships. Results LightGBM demonstrated superior performance (AUC = 0.668). SHAP ranking identified zinc, iron, and selenium as the top protective nutrients. The most pronounced protective effect against BPH was observed within the moderate zinc and selenium intake strata. Iron demonstrated a consistent protective association, with risk reduction observed across its intake range. Copper intake demonstrated a shift from risk reduction for BPH at low to moderate levels to an increased risk at high intake levels. Conclusions These findings suggest that calibrated intake of these key micronutrients may attenuate BPH susceptibility, providing a data-driven foundation for targeted nutritional interventions and public-health strategies."
35405939,PMC9002993,2022,,"Association between Serum Triglycerides and Prostate Specific Antigen (PSA) among U.S. Males: National Health and Nutrition Examination Survey (NHANES), 2003-2010.",True,"(1) Background: Increasing evidence indicates that lipid metabolism may influence the concentration of prostate-specific antigen (PSA). However, the association between triglycerides and PSA remains unclear and complicated. Hence, we evaluated the correlation between triglycerides and PSA based on the U.S. National Health and Nutrition Examination Survey (NHANES) database. (2) Methods: A total of 2910 participants out of 41,156 participants fit into our study after conducting the screening from the 2003 to 2010 NHANES survey. Serum triglycerides were the independent variable of our study, and PSA was the dependent variable; (3) Results: In our study, the average age of chosen participants was 59.7 years (±12.7). After adjusting for covariates, the result indicated that for each additional unit of serum triglyceride (mg/dL), the PSA concentrations were reduced by 0.0043 ng/mL (-0.0082, -0.0005) with a statistical difference. Furthermore, we used machine learning of the XGBoost model to determine the relative importance of selected variables as well as constructed a smooth curve based on the fully adjusted model to investigate the possible linear relationship between the triglyceride and PSA concentrations. (4) Conclusions: The serum triglyceride is independently and negatively correlated with PSA among American males, which may make it hard to detect asymptomatic prostate cancer and diagnose at an advance stage with higher triglycerides due to detection bias."
36429890,PMC9690999,2022,,Risk Association of Liver Cancer and Hepatitis B with Tree Ensemble and Lifestyle Features.,True,"The second-largest cause of death by cancer in Korea is liver cancer, which leads to acute morbidity and mortality. Hepatitis B is the most common cause of liver cancer. About 70% of liver cancer patients suffer from hepatitis B. Early risk association of liver cancer and hepatitis B can help prevent fatal conditions. We propose a risk association method for liver cancer and hepatitis B with only lifestyle features. The diagnostic features were excluded to reduce the cost of gathering medical data. The data source is the Korea National Health and Nutrition Examination Survey (KNHANES) from 2007 to 2019. We use 3872 and 4640 subjects for liver cancer and hepatitis B model, respectively. Random forest is employed to determine functional relationships between liver diseases and lifestyle features. The performance of our proposed method was compared with six machine learning methods. The results showed the proposed method outperformed the other methods in the area under the receiver operator characteristic curve of 0.8367. The promising results confirm the superior performance of the proposed method and show that the proposed method with only lifestyle features provides significant advantages, potentially reducing the cost of detecting patients who require liver health care in advance."
37036281,,2023,,Assessing the Risk of Prostate Cancer with Nutritional and Environmental Factors: A Cross-Sectional Study from National Health and Nutrition Examination Survey 2001-2010.,False,"Screening for prostate cancer (PCa) using prostate-specific antigen (PSA) is common. This study aimed to identify potential nutritional variables associated with PSA levels and develop a PCa risk prediction model. A total of 5,725 participants from the 2001-2010 National Health and Nutrition Examination Survey (NHANES) database were recruited and divided into discovery and validation sets. Three machine learning (ML) algorithms were performed in discovery set to select features associated with a high-risk PSA level. Age, red blood cell (RBC), blood cholesterol, blood lead, and prognostic nutritional index (PNI) were overlapping important contributors among the three ML models. Furthermore, the relationship between the selected variables and the high-risk PSA level was verified using weighted logistic regression models and restricted cubic spline (RCS) curves. After adjustment, age and blood lead were significantly positively associated with high-risk PSA, while PNI was significantly negatively associated with high-risk PSA. A nomogram including age, RBC, blood cholesterol, and PNI was constructed for predicting the PCa risk according to PSA levels, and the area under the receiver operating characteristic curve (AUROC) of discovery and validation sets was 0.755 and 0.756, respectively. The constructed nomogram may be used for targeted PSA testing and cancer screening in community healthcare."
35657782,PMC9165812,2022,,Assessing the use of prescription drugs and dietary supplements in obese respondents in the National Health and Nutrition Examination Survey.,True," Introduction Obesity is a common disease and a known risk factor for many other conditions such as hypertension, type 2 diabetes, and cancer. Treatment options for obesity include lifestyle changes, pharmacotherapy, and surgical interventions such as bariatric surgery. In this study, we examine the use of prescription drugs and dietary supplements by the individuals with obesity. Methods We conducted a cross-sectional analysis of the National Health and Nutrition Examination Survey (NHANES) data 2003-2018. We used multivariate logistic regression to analyze the correlations of demographics and obesity status with the use of prescription drugs and dietary supplement use. We also built machine learning models to classify prescription drug and dietary supplement use using demographic data and obesity status. Results Individuals with obesity are more likely to take cardiovascular agents (OR = 2.095, 95% CI 1.989-2.207) and metabolic agents (OR = 1.658, 95% CI 1.573-1.748) than individuals without obesity. Gender, age, race, poverty income ratio, and insurance status are significantly correlated with dietary supplement use. The best performing model for classifying prescription drug use had the accuracy of 74.3% and the AUROC of 0.82. The best performing model for classifying dietary supplement use had the accuracy of 65.3% and the AUROC of 0.71. Conclusions This study can inform clinical practice and patient education of the use of prescription drugs and dietary supplements and their correlation with obesity."
37161056,,2023,,Association between environmental cadmium exposure and increased mortality in the U.S. National Health and Nutrition Examination Survey (1999-2018).,False," Background Cadmium (Cd) is toxic to human health and increases overall mortality. In this study, we investigated the association between Cd exposure and all-cause, cardiovascular (CVD), and cancer mortality in the general population and the mediating effect of smoking on these association. Methods We used data from U.S. National Health and Nutrition Examination Survey for 1999-2018. To evaluate the hazard ratio (HR) for mortality, a multiple Cox regression analysis was conducted by adjusting for age, sex, race/ethnicity, body mass index, smoking, alcohol, hypertension, diabetes, hyperlipidemia, and history of CVD and cancer. A causal mediation analysis was performed to estimate the effects of smoking. Results Among the 31,637 subjects, 5452 (12.3%) died. Blood Cd concentrations were significantly associated with all-cause (HR 1.473, 95% confidence interval [CI] 1.403-1.546, p  Conclusion High Cd exposure is an important risk factor for all-cause, CVD, and cancer mortality among the general population. Cd exposure increased the risk of death even in never-smokers, and its effects unrelated to smoking were substantial, suggesting the importance of regulating other sources of Cd exposure such as food and water. Impact statement Using national large-scale data, we found that low-level environmental exposure to cadmium significantly increased the risk of all-cause, cardiovascular, and cancer mortality in the general population even after adjusting for several risk factors. Although smoking is a major source of cadmium exposure, cadmium was nevertheless significantly associated with all-cause mortality in never-smokers, and the mediating effect of smoking on this association was only 32%. Hence, other sources of cadmium exposure such as food and water may be important."
39781526,PMC11704698,2025,,Global trends and risk factors in gastric cancer: a comprehensive analysis of the Global Burden of Disease Study 2021 and multi-omics data.,True," Background:  Gastric cancer (GC) remains a significant global health challenge. This study aimed to comprehensively analyze GC epidemiology and risk factors to inform prevention and intervention strategies.  Methods:  We analyzed the Global Burden of Disease Study 2021 data, conducted 16 different machine learning (ML) models of NHANES data, performed Mendelian randomization (MR) studies on disease phenotypes, dietary preferences, microbiome, blood-based markers, and integrated differential gene expression and expression quantitative trait loci (eQTL) data from multiple cohorts to identify factors associated with GC risk.  Results:  Global age-standardized disability-adjusted life year rates (ASDR) for GC declined from 886.24 to 358.42 per 100,000 population between 1990 and 2030, with significant regional disparities. Despite this decline, total disability-adjusted life years show a concerning upward trend from 2015, rising from approximately 22.9 million to a projected 24.3 million by 2030. The slope index of inequality shifted from 87 in 1990 to -184 in 2021, indicating a reversal in GC burden distribution, with higher ASDR now associated with lower socio-demographic index countries. The ML models analysis identified higher levels of clinical characteristics such as phosphorus, calcium, eosinophils percent, and triglycerides, as well as lower levels of iron and monocyte percent, may be associated with an increased risk of GC. MR analyses revealed causal associations between GC risk and disease phenotypes such as  Helicobacter pylori  infection, chronic gastritis, obesity, depression, and dietary preferences such as dairy and processed meats. Gut microbiome analysis showed associations with microbiome such as  Phascolarctobacterium  and  Ruminococcaceae  species. Blood-based markers analysis identified protective and risk effects for cortisol, glutamate, nicotinamide, Natural Killer %lymphocyte, CD4-CD8- T cell Absolute Count, Phosphatidylcholine (16:0_18:1), and Interleukin-1-alpha. Integrated genomic analysis identified 10 genes significantly associated with GC risk, with strong evidence for colocalization in genes such as  CCR6  and  PILRB .  Conclusions:  This systematic analysis reveals complex global trends in GC burden and identifies novel clinical, disease phenotypes, dietary preferences, microbial, blood-based, and genetic risk factors. These findings provide potential targets for improved risk stratification, prevention, and intervention strategies to reduce the global burden of GC."
34415913,PMC8409636,2021,,Estimating the conditional probability of developing human papilloma virus related oropharyngeal cancer by combining machine learning and inverse Bayesian modelling.,True,"The epidemic increase in the incidence of Human Papilloma Virus (HPV) related Oropharyngeal Squamous Cell Carcinomas (OPSCCs) in several countries worldwide represents a significant public health concern. Although gender neutral HPV vaccination programmes are expected to cause a reduction in the incidence rates of OPSCCs, these effects will not be evident in the foreseeable future. Secondary prevention strategies are currently not feasible due to an incomplete understanding of the natural history of oral HPV infections in OPSCCs. The key parameters that govern natural history models remain largely ill-defined for HPV related OPSCCs and cannot be easily inferred from experimental data. Mathematical models have been used to estimate some of these ill-defined parameters in cervical cancer, another HPV related cancer leading to successful implementation of cancer prevention strategies. We outline a ""double-Bayesian"" mathematical modelling approach, whereby, a Bayesian machine learning model first estimates the probability of an individual having an oral HPV infection, given OPSCC and other covariate information. The model is then inverted using Bayes' theorem to reverse the probability relationship. We use data from the Surveillance, Epidemiology, and End Results (SEER) cancer registry, SEER Head and Neck with HPV Database and the National Health and Nutrition Examination Surveys (NHANES), representing the adult population in the United States to derive our model. The model contains 8,106 OPSCC patients of which 73.0% had an oral HPV infection. When stratified by age, sex, marital status and race/ethnicity, the model estimated a higher conditional probability for developing OPSCCs given an oral HPV infection in non-Hispanic White males and females compared to other races/ethnicities. The proposed Bayesian model represents a proof-of-concept of a natural history model of HPV driven OPSCCs and outlines a strategy for estimating the conditional probability of an individual's risk of developing OPSCC following an oral HPV infection."
